name,latitude,longitude,free_bikes
Argenson - Château,48.888559314669514,2.2642001509666447,21
Saint Lambert - Blomet,48.83659148147257,2.2930556908249855,2
Saint-Maur - République,48.864185861455,2.3783174157143,2
Mairie de Rosny-sous-Bois,48.871256519012,2.4865807592869,19
Mouton Duvernet - Général Leclerc,48.831632518293,2.3293121159077,1
Pernety - Raymond Losserand,48.834254627953,2.317609339387,3
Champs de Manoeuvre - Cartoucherie,48.835261,2.447974,20
Belleville - Télégraphe,48.8756045,2.3995549,0
Abbeville - Faubourg Poissonnière,48.879223,2.349147,4
Porte de Pantin.,48.889199725577,2.3950181901455,3
Passy - Place du Costa Rica,48.8584893,2.2839655,9
Miromesnil - La Boétie,48.873722412917,2.3158480972052,35
Place Etienne Pernet,48.84243457133779,2.2921819612383847,19
Bons Raisins - Voltaire,48.87282451461399,2.1947155570850896,3
Saint-Augustin,48.8762009747008,2.319786250591278,44
Lecourbe - Jean Maridor,48.83796366147599,2.2877392172813416,10
Colonel Monteil - Brune,48.82650293311,2.3092747998272,2
République - Auguste Perret,48.78695280952244,2.3518594354391094,1
Marcel Pourtout - Édouard Manet ,48.87555620763429,2.1655967831611638,13
Port Royal - Hôpital Cochin,48.838608030238,2.3406994164846,9
Adolphe Pinard - Victor Hugo,48.8236825874564,2.3077843710780144,0
Claude Decaen - Cannebière,48.83761417037952,2.397253782195704,1
Pierre et Marie Curie - Maurice Thorez,48.81580226360801,2.376804985105991,12
Mornay - Sully,48.84970399548416,2.364460788667202,5
Suzanne Masson,48.923306888013,2.3847292397611,19
Legendre - Clichy,48.88896161855884,2.322528975094376,2
Place Charles de Gaulle,48.826073335699,2.1894485725692,0
Roquette - Auguste Laurent,48.858001906023354,2.381797702650783,6
Bridaine - Lamandé,48.8862074,2.3206239,4
Ney - Porte de Montmartre,48.897918,2.3364872,1
Place du Canada,48.865346269363,2.3101937879648,55
Francoeur - Marcadet,48.89104123261663,2.340014585442034,0
Georges V - François 1er,48.87034,2.30082,22
Gare de Pont-Cardinet,48.88713901475306,2.314494143994255,1
Square Pierre Lazareff,48.867141720746,2.3483933508396,13
Marceau - Chaillot,48.868834023334,2.2986030816809,15
Vaugirard - Monsieur le Prince,48.848951441614,2.3411329463124,19
Edouard Vaillant - Galliéni,48.858462881661,2.4147954583168,4
Gare Rosny-Bois-Perrier,48.88115023337061,2.480436824262142,20
Condorcet - Turgot,48.87985155789093,2.345232367515564,3
Cordelières - Arago,48.83548071896613,2.348572461702221,16
Le Brix et Mesmin - Jourdan,48.82234096593411,2.327861653302471,2
Mairie du 2ème,48.8672190355135,2.3404625437747044,26
Philippe-Auguste,48.851853488265,2.3932945355773,14
Charles Delescluze,48.85242200848887,2.380632497370243,17
Place de la Montagne du Goulet,48.8443415,2.2773844,20
Place de la Madeleine - Royale,48.869228052648,2.324421107769,40
Geoffroy-Saint-Hilaire - Saint-Marcel,48.83907826424974,2.356877340669728,4
Le Corbusier - Jean Jaurès,48.83780830557548,2.2408381104469304,45
Lorraine - Jean Jaurès,48.8863865,2.3825772,1
Mairie,48.87914304162,2.4163350908311,1
Raspail - Bac,48.855628721101,2.3256602883339,50
Raymond Poincaré - Allée de la Marche,48.838634069623,2.1724102640451,8
Place Tristan Bernard,48.8794936,2.2915423,4
Cité Vaneau,48.8542210666207,2.319614924490452,18
Edgar Quinet - Gaité,48.841160928966,2.324595451355,1
Romainville - Vaillant-Couturier,48.86785,2.446748,2
Surcouf - Université,48.861273016278,2.3094535509142,28
Vaugirard - Pasteur,48.84040868803496,2.3154367133975033,2
Jean Calvin - Tournefort,48.84158856925782,2.348489575088024,26
Mozart - Jasmin,48.85286124871689,2.268483570651513,2
Hippodrome de Longchamp,48.86413226532,2.239905372262,21
Théophile Gautier - François Millet,48.85034821320644,2.273029983043671,19
Porte de Clignancourt - Ney,48.899641123987095,2.344321422278881,15
Plantes - Moulin Vert,48.83005755305626,2.3232302069664006,2
Porte de Clichy - Place des Nations Unies,48.896737263309504,2.310542999196392,36
Champ de Mars - Cler,48.856691550115315,2.306646779179573,22
Vaneau - Sèvres,48.848563233059,2.3204218259346,27
Marcelle - Thalie,48.8835462,2.4137883,1
Danielle Casanova - Place Vendôme,48.868266498223,2.3304839059711,35
Westermeyer - Paul Vaillant-Couturier,48.819116181578764,2.3966637253761296,27
Boyer - Ménilmontant,48.868895162679,2.3919824145635,1
Argenteuil - Voltaire,48.91864865955558,2.2814112156629562,0
Place de la Bastille - Bourdon,48.852364355271,2.3681089282036,32
Dunkerque - Trudaine,48.88215166773376,2.3463253676891327,0
Hôtel de Ville de Chaville,48.80887149094033,2.188134044408798,0
Commerce - Letellier,48.84797660373612,2.2966245196598805,12
Jean Bouin - Gouverneur Général Eboué,48.824792734266,2.2651904328524,27
Temple - Charlot,48.865709343796,2.3652737250724,21
Emile Zola - Fondary,48.847051143113745,2.2953405976295476,21
Paris - Désiré Préaux,48.85742876694898,2.4323049187660217,12
Maison de Radio - France,48.85132886434057,2.277785539627075,37
Taitbout - La Fayette,48.8733298892,2.3352625966072,52
Montparnasse -  Square Ozanam,48.843310567822,2.3265242949128,3
Simon Bolivar - Henri Turot,48.877475489801,2.3739709492211,3
Jean Macé - Faidherbe,48.85337548426,2.3828620836139,10
Santé - Arago,48.83507657562064,2.3415737262044938,10
Cours de l'Ile Seguin - Parc Billancourt,48.82714055843935,2.234234511852265,21
Crozatier - Faubourg Saint-Antoine,48.850440013405,2.378901366211,10
Hôtel de Ville de Sèvres,48.824363561289,2.2131047397852,5
Place Amédée Gordini - Lefebvre,48.83061737745,2.2920634208276,1
Gare de l'Est - Place du 11 Novembre 1918,48.876327,2.3585464,0
Square Victor Basch,48.914304862261,2.2289156913757,18
Place des Abbesses,48.884542726149725,2.3386867716908455,2
Redoute - Les Courtilles,48.929867194519,2.2836696356535,6
André Karman - République,48.91039875761846,2.3851355910301213,7
Place Lafayette,48.829654975522,2.2638675570488,58
Pyrénées - Emmery,48.872010281270974,2.392039597034455,1
Gare Saint-Lazare - Place de Budapest,48.877753,2.327339,20
Croix Nivert - Square Saint-Lambert,48.843051521591,2.2952004522085,0
René Boulanger - Lancry,48.8685433,2.3600032,0
Billancourt - Général Leclerc ,48.8322649,2.2380413,20
Jourdan - Stade Charléty,48.819428333369,2.3433353751898,4
Place de la Porte de Passy,48.857341095470794,2.2644165538827115,8
Lourmel - Marie Skobtsov,48.844974,2.287283,3
Artois - Berri,48.87393521240818,2.3064258322119713,21
Place du Maréchal de Lattre de Tassigny,48.821707715257055,2.2853431485432423,3
M.- A. Lagroua Weill-Hallé -  F. Dolto,48.828595283857425,2.380220606266108,51
Gare - Aristide Briand,48.821410564722,2.2555950104387,24
Place Saint-Just,48.790379518724265,2.3895226791501045,12
Saint-Germain - Ciseaux,48.853305277595,2.3344654618827,16
Gare de Chaville Rive Gauche,48.805160304345,2.188277207315,1
Château de Vincennes,48.84423193255657,2.439209537709179,7
Roger Salengro - Général de Gaulle,48.820029010376956,2.4846760556101803,18
Gare d'Austerlitz - Quai Saint-Bernard,48.84369030864,2.3657163977623,12
Marceau Delorme - Pierre Brossolette,48.91206062860357,2.295897423568745,4
Saint-Mandé - Docteur Arnold Netter,48.84462585769668,2.404946386814118,4
Harpe - Saint-Germain,48.851518815017,2.3436703160405,36
Daumesnil - Hébrard,48.8429,2.38474,4
Victor Hugo - Galliéni,48.838020154411,2.2460845112801,10
Montreuil - République,48.85026349463687,2.4345204234123234,3
Bois de Vincennes - Polygone,48.83544491617421,2.431421081436563,5
République - Louis Loucheur,48.823549261189,2.5101865455508,29
Mairie du 8ème ,48.877932,2.318264,11
Suffren - La Motte-Piquet,48.850881230919,2.3012199997902,19
Place Charles Michels,48.846401,2.28502,13
Gare du Nord - La Chapelle,48.884178287286,2.3561057075858,1
Molitor - Michel-Ange,48.845182081538,2.262112773566,0
George V - Christophe Colomb,48.87046,2.30104,23
Alexander Fleming - Belvédère,48.88179064200294,2.4030599377642674,4
Boétie - Ponthieu,48.871417284355,2.3076787590981,42
Aboukir - Alexandrie,48.86868344444473,2.3502043269474897,15
Abbé Carton - Plantes,48.827673823166,2.3209181427956,1
Hôpital Robert Debré,48.88005222200894,2.4008650346327003,1
Gabriel Lamé,48.8351212784276,2.385534569621086,36
Division Leclerc - Kléber,48.798666226364,2.2833752789972,2
Place André Malraux,48.863925158727,2.3356226831675,19
Parc Roger Salengro,48.905303858642,2.31055945158,28
Pyrénées - Dagorno,48.855425770695085,2.4051643162965775,1
Porte de la Muette,48.86302317841182,2.2687188170157406,25
Borrégo - Gambetta,48.87330497045532,2.4014145880937576,0
Pierre Brossolette - Adolphe Pinard,48.821772279548,2.3131558299065,2
Phalsbourg - Villiers,48.88242307900951,2.3090453445911407,4
Gare du Stade,48.9312676,2.2603778,9
Pierret - Madrid,48.882976576876565,2.260125767248034,23
Place Adolphe Cherioux - Vaugirard,48.83959442800459,2.3010657727718353,12
Hôtel de Ville de Rueil-Malmaison,48.878194,2.181724,8
Beffroy,48.886591074488,2.2613945603371,19
Gare de l'Est - Fidélité,48.874575,2.356796,6
Gare de Bercy,48.839794573906,2.3826066032052,3
Station Paris Basketball - Ney - Charles Hermite,48.898748039775,2.3645754531026,17
Petites Ecuries - Faubourg Poissonnière,48.87397217237368,2.348388757504776,16
Saint-Vincent - Verdun,48.819211549234495,2.254007756710053,31
Gay Lussac - Saint-Jacques,48.844730256132,2.3419239448664,24
Édouard Vaillant - Place Jean Jaurès,48.86265537999924,2.2089037319128613,3
LCL Campus - Place Oscar Niemeyer,48.805342480621576,2.363983690738678,1
Brillat-Savarin - Küss,48.822203,2.350422,2
Place du Docteur Yersin,48.82010494991975,2.3725583776831627,13
Place Pigalle,48.8827555,2.3361566,4
Mairie du Kremlin-Bicêtre,48.81191981537702,2.3570189997553825,3
Victor Hugo - La Pompe,48.86795222470859,2.28146318346262,22
Port - Maurice Chevalier,48.832474421632,2.490257616467,23
Gare de Laplace,48.80893199114179,2.3349460959434514,4
Tremblay - Lac des Minimes,48.834131261494,2.4547516554594,59
Sahel - Général Michel Bizot,48.840872964793355,2.4044444784522057,1
Pyrénées - Avron,48.853246898211985,2.405871044529538,2
Aubervilliers - Curial,48.89088305227546,2.3688579350709915,4
Londres - Place d'Estienne d'Orves,48.876693805756986,2.3305362090468407,17
Stalingrad - Henri Luisette,48.78363092456589,2.366935946761926,2
Pasteur - Gambetta,48.84572797384512,2.4236011505126953,7
Port-Royal - Hôpital du Val-de-Grâce,48.837668272811,2.3448138346607,8
Gare RER les Grésillons,48.919898633572764,2.31458459136273,19
Mairie du 3ème,48.86446178139141,2.361762821674347,21
Murat - Porte de Saint-Cloud,48.83750862621299,2.2577651962637906,15
Félix Faure - Lourmel,48.83868901709515,2.2818081825971603,48
Michel-Ange - Parent de Rosan,48.840579923690115,2.2584119439125065,3
Paganini - Davout,48.85135,2.412021,6
Sorbier - Gasnier-Guy,48.865217631011,2.3936596512794,0
Balard - Montagne de la Fage,48.83850740333351,2.2782871127128606,34
Clichy - Place Blanche,48.883601088297,2.3332237824798,5
Claude Vellefaux - Hôpital Saint-Louis,48.872859139003,2.3700717069851,1
Place des Droits de l'Enfant,48.8274804,2.3319217,1
Adrien Lesesne - Docteur Bauer,48.90263867304635,2.348248063431511,0
Vivienne - Montmartre,48.871347597383,2.3414588347077,34
Henri Chevreau - Couronnes,48.87033205312931,2.388777695596218,1
Godot de Mauroy - Madeleine,48.869789,2.326347,19
Place de l'Europe - Alfortville,48.78913702405837,2.4284800887107854,7
Chemin de Bretagne,48.824753068884,2.2588385956052,28
Verdier - République,48.815403766277,2.31739372015,2
Pailleron - Bouret,48.880516995482,2.3763902374411,2
Crimée - Ourcq,48.894104140316,2.3729460884673,3
Victor Hugo - Paul Eluard,48.819602554907,2.4114319673051,22
Niger - Soult,48.84369906369085,2.410361237220498,9
Pavé des Gardes - Charles Vaillant,48.81168551728,2.2111820107205,2
Messine - Place Du Pérou,48.875448033960744,2.315508019010038,10
Gare d'Asnières sur Seine,48.90636459217474,2.2835066914558415,9
Dareau - Broussais,48.8307758,2.3361804,3
Gare SNCF Vanves-Malakoff,48.819002163836444,2.292150005103606,2
Carpeaux - Place Jacques Froment,48.8906542,2.3309428,3
Pontoise - La Tournelle,48.850458009188,2.3524542754922,8
Manin - Secrétan,48.8791665,2.3787959,3
Pyrénées - Charles Renouvier,48.86095933229224,2.400421852042113,2
Cardinal Lavigerie,48.832934193699835,2.402636749399156,27
Cité Riverin - Château d'Eau,48.870702423554306,2.358739863900845,5
Mathurins - Auber,48.872988840744,2.3294984212276,34
Choron - Martyrs,48.877851443503,2.3396701365709,4
Charles Lecocq - Lecourbe,48.84044,2.294867,6
Emeriau - Beaugrenelle,48.84791249714942,2.2843059897422795,57
Auguste Cain - Jean Moulin,48.82577028927573,2.3210415244102482,1
Gare RER - Malleret-Joinville,48.802936,2.42531,0
Place aux Étoiles,48.91835629408464,2.3523425683379173,28
Arago - Glacière,48.83486054775774,2.3445770524322067,7
Pajol - Place Herbert,48.8927825,2.3635598,1
Boutroux - Porte de Vitry,48.822632,2.377738,48
Chabrol - d'Hauteville,48.877018388033,2.3513179644942,3
Oratoire - Rivoli,48.861342760889,2.3400047421455,14
René Binet - Porte de Montmartre,48.89905109950848,2.3365534096956253,4
Parvis Corentin Celton,48.82747252522725,2.2784319519996648,52
Stalingrad - Germaine Tailleferre,48.80257200481316,2.3786691203713417,1
Square Boucicaut,48.851296433665276,2.325061820447445,58
Neuve Saint-Pierre - Beautreillis,48.85355351439652,2.3639122769236565,18
Mairie de Montreuil,48.86131452758348,2.440614402294159,1
Place Jacques Madaule,48.823933787309,2.2606918215752,20
Goutte d'or - Barbès,48.885124323627,2.3496962338686,1
Pierre Levée - Fontaine Timbaud,48.86632723374305,2.3711163550615306,1
Rapp - Place du Général Gouraud,48.858102885107,2.3004072904587,26
Didot - Mariniers,48.82650543613106,2.313136198271666,1
Botzaris - Parc des Buttes Chaumont,48.877951,2.381464,3
Rochechouart lamartine,48.876719895109,2.344393021854,4
Departement - Pajol,48.886674849730184,2.3613611608743668,2
Place Jean-Spire-Lemaître,48.8468428626593,2.452062070369721,2
Stade de la Habette,48.774397033806,2.4668785263921,6
Henri Ravera - Gabriel Péri,48.79722273833844,2.302115857601166,4
Marc Sangnier - Division Leclerc,48.78599652305309,2.329955510795116,19
Villiers de l'Isle Adam - Pyrénées,48.867362,2.396222,0
Guy Môquet - Jean Moulin,48.940931521020836,2.363948999931771,28
Victor Cresson - Telles de la Poterie,48.822698842979,2.2686498274964,12
Square Alban Satragne,48.875388227727,2.3559567333359,1
Payenne - Square George Caïn,48.8578329,2.3622643,22
Sorbier - Ménilmontant,48.868542395661,2.3897721245885,0
Favart - Italiens,48.871446353921,2.3382901058508,13
Suresnes - Muette à Neuilly,48.868570404348,2.266000919044,6
Gare de la Garenne-Colombes,48.909752,2.239145,27
Grenelle - Dr Finlay,48.851315406715976,2.2919502854347233,66
Halles - Bourdonnais,48.860448992575,2.3460162431002,13
Porte Molitor,48.84524763511433,2.2569015249609947,53
Censier - Santeuil,48.840658921385234,2.3537524044513702,61
Eglise d'Auteuil,48.84749841771691,2.26848387135299,11
Place Mireille Havet,48.850533,2.383756,21
Pelleport - Belgrand,48.86500081847653,2.403980836377493,0
Louis Ganne - Davout,48.86338720692607,2.409725748002529,5
Place Paul Delouvrier,48.89197621431365,2.3851288855075836,3
Place du 8 mai 1945.,48.938882272105,2.3566243797541,24
Place Marcel Sembat,48.83328865030686,2.2441747784614567,47
René Coty - Parc Montsouris,48.82479134498032,2.336124926805496,6
Gare de Lyon - Roland Barthes,48.84395729494058,2.3790882155299187,59
Etienne Jodelle - Saint Ouen,48.88794016394694,2.326124420314341,0
Gambetta - Michelet,48.85273792380526,2.429966032505036,6
Nationale - Place Jules Guesde,48.82753962462998,2.2416052222251897,14
Place Mongolfier,48.815160030060376,2.4592879414558415,35
Chaussée d'Antin - Haussmann,48.87243,2.33359,28
Hôtel de Ville de Créteil,48.77699496201,2.4552552404284,19
Maine - Jean Zay,48.837925263898,2.3225428909063,7
Volontaires - Lecourbe,48.84351378799,2.3065522313118,9
Louis Pasteur - Albert Petit,48.796261,2.317289,2
Louis Blanc - Aqueduc,48.882030182599,2.363561578095,3
Square du Carrefour de l'Insurrection,48.820864559770676,2.291113436222077,0
Metz - Marne,48.891163,2.3865705,4
Perrault - Place du Louvre,48.860273568996,2.3412468419093,23
Gare Routière de Saint Cloud,48.84288183896324,2.222245037555695,25
Exelmans - Versailles,48.84097491091973,2.264390252530575,12
Président Wilson - Jean Jaures,48.89034054052266,2.2920683026313786,11
Square Georges Melies,48.84070239213081,2.409667745232582,21
Cadix - Hameau,48.8340107632249,2.289516180753708,9
Place Centrale,48.78740167690531,2.2278830409049992,1
Choisy - Tolbiac,48.82591155587,2.3602393269539,4
Mauroy - Cheminots,48.897715198403,2.357895075822,4
Reuilly - Daumesnil,48.8395385,2.3972516,1
Gardenat-Lapostol - Velettes,48.87387,2.224185,1
Porte Saint-Martin,48.86860172112996,2.35570102930069,3
Place Jacques et Thérèse Tréfouël,48.842726498317,2.3125657439232,5
Chateau,48.774661399959,2.3135878035462,6
Stalingrad - Désiré Chevalier,48.85670169739857,2.445072233676911,1
Marne - Charles de Gaulle,48.815071719544434,2.4121668934822087,10
Fontainebleau - Edmond Michelet,48.80956436844049,2.3626908659935,2
Gabriel Péri - Francisco Ferrer,48.88633710236977,2.407338917255402,6
Raspail - Albert Schweitzer,48.81031545,2.34395871,15
Place du Général de Gaulle,48.8525288,2.4877332,10
Place Pasdeloup,48.862654215631,2.3670325062844,3
Place Alphonse Deville,48.850188262662,2.3275961726904,22
Théâtre de La Garenne,48.905658361454,2.2345951981176,3
Blaise-Desgoffe - Vaugirard,48.846128877747,2.3242672160268,9
Bobillot - Tolbiac,48.8255961335041,2.350204177200794,8
Jardin de l'Hospice Debrousse,48.861451061938,2.40568600595,0
Bastille - Biscornet,48.851355779579,2.369220033288,57
Jean Bleuzen - Square du 11 Novembre,48.8232579,2.2965213,4
Navier - Epinettes,48.89587780769155,2.3226776719093327,0
Saint-Fargeau - Mortier,48.87266656122256,2.407912909984589,3
Square Denise Buisson,48.8562322730982,2.426436245441437,6
Bois de Vincennes.,48.8338064,2.4132221,23
Villiers - Batignolles,48.88125253846116,2.31653843075037,8
Cartier Bresson - Denis Papin,48.902616,2.397814,2
Pont Neuf - Rivoli,48.860089892617,2.344057559967,23
Vincent Auriol - Louise Weiss,48.834001935501,2.3703888058662,21
Quai du docteur Dervaux,48.910482,2.297998,1
Jean de la Fontaine - Boulainvilliers,48.85264791461651,2.2758664190769196,56
Saint-Jacques - Val de Grâce,48.8417514,2.3413893,14
Parvis Robert Schuman - Roger Salengro,48.812657470558754,2.1921751275658607,0
Place du Lieutenant Henri Karcher,48.863490871724466,2.3400671035051346,28
Regard - Rennes,48.847385404956,2.3268555477262,9
Pereire - Place de Wagram,48.887070607581215,2.304111124531457,7
Simone Signoret - Paris,48.903600624712865,2.465406596265139,19
Place de Passy,48.85780291711202,2.277500546942199,2
Filles Saint-Thomas - Place de la Bourse,48.868899890853,2.3397543845203,57
Laumière - Petit,48.88467368538326,2.380039058625698,1
BNF - Bibliothèque Nationale de France,48.8350268238,2.3760157451034,26
Greneta - Sebastopol,48.865242333228,2.3516669869423,18
Porte de Saint Cloud - Parc des Princes,48.838662757066,2.2525164484978,14
Chevreuse - Montparnasse,48.841739161231,2.3315522167367,4
Jules Ferry - Faubourg du Temple Paris,48.868397,2.3678933,7
Stade Auguste Delaune,48.80896378683884,2.4345204234123234,17
Charonne - Pierre Bayle,48.858445054262,2.3903981223891,1
Paul Vaillant-Couturier - Victor Hugo,48.89819702263572,2.293848017974069,6
Louis Blanc - La Chapelle,48.884008964514,2.3599335551262,1
Francoeur - Caulaincourt,48.8899944409612,2.342529706656933,5
Arsène Houssaye - Champs-Elysées,48.873409276267,2.2977904602885,28
Mahatma Gandhi,48.876356,2.264205,10
Sarrette - Général Leclerc,48.825030852925,2.3264128693982,3
Louis Lumière - Porte de Bagnolet,48.86431136000005,2.4105210229754443,0
Porte de Ménilmontant,48.8691543609174,2.40932246879487,1
Amelot - Saint-Sébastien,48.861142162761,2.3677996181077,9
Cevennes - Bergers,48.84240765130395,2.281037718057633,11
Emeriau - Place de Brazzaville,48.850785261674964,2.2871585190296173,44
Louis Blanc - Jemmapes,48.879330755297,2.3684485629201,2
Tombe Issoire - René Coty,48.830512876709,2.3343613743782,1
Place de l'Édit de Nantes,48.88879,2.3785,3
Mutualité,48.848225572724,2.3502873256803,26
Quai de la Gare - Pont de Bercy,48.83730787972,2.3740861260598,18
Delphine Seyrig - Général Leclerc,48.893923963057865,2.39790290594101,18
Vinaigriers - Magenta,48.8731167,2.3593052,6
République - Henri Barbusse,48.90661553626751,2.389432489871979,6
Guillaume Bertrand - République,48.863825174341,2.380906377155,3
Douai - Pierre Fontaine,48.88229101148092,2.33324121683836,0
Jean Moulin - Paul Doumer,48.8622179854695,2.45533436536789,1
Lallier - Trudaine ,48.88109246617963,2.3408224806189537,2
Gabrielle Josserand - Edouard Vaillant,48.90271566255436,2.3933270573616032,1
Marie-Georges Picquart - Pereire,48.88863669349711,2.3111706599593163,3
Anatole France - Jean Lolive,48.8949922,2.4253764,3
Flandre - Ourcq,48.89260159189023,2.3790915682911873,6
Square du Théâtre du Garde-Chasse,48.881287375060616,2.420119643211365,0
Parc de Belleville - Julien Lacroix,48.8703459,2.3842214,1
Monceau - Malesherbes,48.8795079,2.3145456,37
Amaury Duval - Gabriel Péri,48.81718759671675,2.323841750621796,3
Malesherbes - Place de la Madeleine,48.870406028483,2.323243509808,66
Sibelle - Alésia,48.826701758539215,2.3384983465075493,2
Granges aux Belles,48.8761373390584,2.3680844979417,4
Place du Front Populaire - George Sand,48.90680713698062,2.364541214992642,47
Keller - La Roquette,48.8555508,2.3752778,22
Pierre Joseph Desault,48.82110230800372,2.378775402903557,8
Saint Pères - Saint Germain,48.853729675265,2.3300181032703,20
Bracion - Périphérique,48.826103771275,2.3004549373748,7
Bellefond - Poissonnière,48.87759897050706,2.348463758826256,1
Les Halles - Saint-Eustache,48.86362695901683,2.342623919248581,27
Charonne - Philippe-Auguste,48.855603162026,2.39054639062,3
Gare RER - Maurice Grandcoing,48.813881,2.392429,31
Turbigo - Française,48.86358858111446,2.3477794602513313,9
Général Leclerc - Bièvre,48.782414428747316,2.3166695237159733,10
André Mazet - Saint-André des Arts,48.85375581057431,2.3390958085656166,18
Assas - Vaugirard,48.848274111398,2.3292413726449,22
Charcot - Benfleet,48.878370277021,2.440523876268,0
Gare Montparnasse - Arrivée,48.843827994315,2.3225811123848,7
Saint-Placide - Cherche Midi,48.8490535919234,2.325317971408367,11
Transvaal - Charles de Gaulle ,48.848280403628806,2.2373420120857195,20
Edouard Pailleron - Simon Bolivar ,48.87979886049996,2.374839261174202,0
Didot - Place de Moro-Giafferi,48.8337,2.3215,1
Mairie du 9ème,48.873267137583,2.3407534480528,23
Pergolèse - Malakoff,48.87521088779225,2.2842781618237495,3
Lamartine - Faubourg Montmartre,48.876613982891,2.3397656902671,9
Charonne - Faubourg Saint-Antoine,48.852191909696,2.3740932717919,24
Alibert - Jemmapes,48.871044051984,2.3661044619878,6
Charenton - Diderot,48.846171461187,2.3793068155646,14
Parmentier - Abel Rabaud,48.86921273836114,2.371688821240712,1
Maréchal Joffre - Verdun,48.85385,2.470307,0
Lacuée - Lyon,48.849268481958,2.3704585433006,14
Chabanais - Petits Champs,48.86703740186721,2.336716018617153,21
Belliard - Damrémont,48.89669238777841,2.338023450388167,2
Gare RER - Général de Gaulle,48.933548439566,2.3064726536317,41
Martyrs de Châteaubriant - Jean Grandel,48.951432,2.211214,16
Alouettes - Maréchal de Lattre de Tassigny,48.85511009293948,2.4930700287222862,14
Gare Saint-Lazare - Stockholm,48.877127316667654,2.322417162358761,15
Jean Jaurès - Place de la Libération,48.90617751921,2.4391458057475,15
Aqueduc - Villette,48.883886063895,2.367198803315,1
Laffitte - Italiens,48.871815737396,2.3372015478451,31
Edouard Poisson - Victor Hugo,48.91118557052621,2.379864752692811,5
Seine - Flandre,48.886785741479684,2.3746193200349808,3
Beaumarchais - Pas de la Mule,48.855580507049,2.3684333673431,13
Glacière - Soeur Catherine Marie,48.829522989420596,2.343570403754711,2
Cours de Vincennes - Soult,48.846918761569,2.4105220288038,18
Aristide Briand - Place de la Résistance,48.82124248401006,2.2511002421379094,29
Erasme - Ulm,48.84264375274712,2.3445946723222733,24
Stéphanie Bouvard - Gambetta,48.814548138856,2.4024386957288,2
Porte d'Italie,48.817161987718954,2.360236309468746,2
Paul Vaillant Couturier - Chaptal,48.893479576183,2.2775253653526,37
Centquatre,48.889333538455,2.3707854375243,3
La Motte-Picquet - Grenelle,48.84858321339195,2.299347817897797,13
Général Delambre - Prebuard,48.93870344444,2.2234171606307,6
Hippodrome Paris-Vincennes,48.82048387758518,2.446271181106568,15
Jean Moulin - Place Victor et Hélène Basch,48.82764910241,2.3261967301369,3
Jacques Kellner - Saint-Ouen,48.895809485802886,2.327897409164145,2
Stade Georges Carpentier,48.820482438381,2.3668321967125,2
Ouest - Château ,48.83617286014242,2.319392143923804,0
Abbé Groult - Convention,48.83596927866069,2.302064039509349,0
Roquépine - Malesherbes,48.873450733908,2.3204044997692,52
George Sand - Jean de La Fontaine,48.84986918764119,2.268257387525699,2
Ménilmontant - Oberkampf,48.866617658681,2.3830134404158,6
Paul Valery - Victor Hugo,48.87137406080164,2.2887128591537476,23
Place du 8 Mai 1945,48.871552174017,2.2025031970585,0
Dunkerque - Rocroy,48.880726,2.351464,2
Stalingrad - Barbara,48.809223658808,2.3175904558822,1
Centenaire - Sorins,48.85853523359734,2.4273508787155156,4
Commandant Rivière,48.872933,2.309796,42
Centre Georges Pompidou,48.861419,2.352581,22
Petit - Manin,48.886506875343,2.3938155401308,1
Bas du Mont-Mesly,48.779035118572,2.4609763908985,5
Quai Jules Guesde - Saint-Simon,48.80391487219,2.4089661620274,25
Bessières - Porte de Clichy,48.89611762451474,2.31790903955698,9
Place de la Porte de Châtillon,48.8242469,2.3186306,3
Bineau - Louise Michel,48.88666162207,2.2843274474144,7
Flandrin - Henri Martin,48.8643275,2.2724174,1
Ancien Canal - Hélène Brion,48.89484799296163,2.4188338592648506,2
Louis Lumière.,48.86216198070008,2.41112578185621,4
Milton - Manuel,48.878249,2.341181,0
Quai des Célestins - Henri IV,48.8512971,2.3624535,0
Sommerard - Saint-Jacques,48.850310432924466,2.345015835298588,33
Orteaux - Mouraud,48.85558642847872,2.408762907764669,0
Préfecture de Créteil,48.783680285918,2.4544713672215,21
Nationale - Vincent Auriol,48.83252708397293,2.362354410392119,3
Buzenval - Vignoles,48.853858171688,2.4000040814281,0
Botzaris - Crimée,48.87959698690176,2.3887913337477067,0
Place Charles Vallin,48.835523812041,2.3025986552238,5
Place Henri Dunant - Gare RER,48.788093281931,2.2909234046643,18
Île de la Jatte,48.894036161302104,2.2666339203715324,19
Morice - Général Leclerc,48.90245471981591,2.3128929734230046,2
Karl Marx,48.784527937293184,2.3646667979455587,0
Gabriel Péri - Danielle Casanova,48.790114,2.4025777,18
Place Du Général De Gaulle,48.8687591,2.4329931,0
Mazagran - Bonne Nouvelle,48.870047123655,2.3511248454452,16
Porte de Vincennes,48.846454,2.415514,10
Square Louise Michel,48.884687354509,2.3441386967897,6
Jean-Pierre Timbaud - Vaucouleurs,48.867937,2.377885,9
Guynemer - Séverine,48.83091743371036,2.2790706530213356,23
Eugène Oudiné - Dessous Des Berges,48.8256423,2.3750226,31
Place Denfert-Rochereau,48.843252536286684,2.245987951755524,7
Malakoff - Place de la Porte Maillot,48.876733496638,2.2834577411413,13
Eugène Varlin - Place de la Paix,48.792862,2.363093,0
Saint-Denis - Rivoli,48.859059340842,2.3476943001151,26
Jussieu - Guy de la Brosse,48.845665,2.355653,37
Jean-François Lépine - Stephenson,48.88611466796807,2.356855627529275,2
Porte Maillot - Perreire,48.878021154637,2.2842371277102,28
Porte d'Ivry,48.821768747596,2.3688706755638,6
Gare Saint-Lazare - Cour du Havre,48.875674400851,2.3265598341823,4
Mairie de Clamart,48.800612,2.262151,3
Square Raymond Souplex,48.89183721478911,2.335426103165901,3
Cambrai - Benjamin Constant,48.89594736851349,2.381133802246315,6
Port - Confluence,48.936093926526,2.3436167797955,13
Porte de Charenton,48.831240105856,2.3989107459784,11
Lauriston - Copernic,48.86926,2.289918,17
Félix Faure - Convention,48.841249336041,2.2883866008495,14
Place Farhat Hached,48.825487045602,2.3816306985827,27
Toffier Decaux - Cartier Bresson,48.90165072551549,2.4017545580863957,5
Paris - Laitières,48.846302741513,2.4207553267479,0
Rond-Point Rhin et Danube,48.840452820991764,2.2280225157737736,49
Hélène et François Missoffe - Emile Borel,48.89990653843488,2.321543991674844,23
Regnault - Patay,48.824305287067,2.3763057589531,0
Pajol - Riquet ,48.88960028134536,2.3628534749150276,0
Quai de Valmy,48.88126951579429,2.368186041712761,3
Douai - Bruxelles,48.88320784122797,2.3308449949028507,4
Panthéon - Valette,48.847020571652,2.3464982619671,38
Archives - Rivoli,48.857346707443,2.3539767041802,16
Youri Gagarine - Karl Marx,48.78448485079149,2.35908430069685,0
Bachaumont - Montmartre,48.86617395079137,2.3449775576591496,22
Beaujon - Wagram,48.875352455985,2.2964416444302,11
Varenne,48.857202661803,2.3152771219611,10
Javel - André Citroën,48.846276485475,2.2786368057132,38
Richard Lenoir - Jean-Pierre Timbaud,48.865804276686,2.3693370749669,2
Sablons - Georges Mandel,48.863875,2.28189,2
Place Valhubert,48.844182577315,2.3640366643667,17
Vasco de Gama,48.83671783466264,2.283664085650799,46
Bourg l'Abbé - Saint-Martin,48.863933319493,2.352406270802,0
Cloître Saint-Merri - Renard,48.858835448898,2.3518279194832,22
Convention - Lourmel,48.842055041656,2.2859910875559,25
Parc Pierre Lagravère,48.92650488131725,2.239069678491417,8
Gare de Nogent-le-Perreux,48.83842553348809,2.493693307042122,18
Place de la République - Voltaire,48.866830968942,2.3654810339212,13
Oberkampf - République,48.86531608707,2.37611478491,5
Suffren - Champ de Mars,48.8547194,2.2952168,19
Gare d'Austerlitz - Pont Charles de Gaulle,48.842319830109,2.3670300096273,22
Odessa - Départ,48.842885590081,2.3244281485677,1
Mairie de La Garenne Colombes,48.90663823468682,2.24679596722126,8
Gérando - Rochechouart,48.88294340845,2.3464846238494,0
Bosquet - Saint-Dominique,48.858651709526,2.3037165802346,25
Suffren - Pérignon,48.84717561492764,2.307052147596786,39
Charonne - Robert et Sonia Delaunay,48.855907555969,2.3925706744194,2
Marché Saint-Germain,48.85165625855281,2.335500307381153,10
Française - Etienne Marcel,48.864053304653766,2.347587011754513,2
Roquette - Folie Regnault,48.859246959155485,2.386553623578705,2
Saint-Honoré - Musée du Louvre,48.863443132848,2.3348781846405,29
Les Blagis,48.785205,2.302526,14
Raymond Poincaré - Place Victor Hugo,48.87030612437,2.2850745414202,9
Pereire - Rennequin,48.88364782887555,2.2952447086572647,1
Square des Amandiers,48.86615630668046,2.3891324177384377,2
Porte d'Auteuil,48.8479394142243,2.2608396783471107,15
Mairie du 18ème,48.892939296937605,2.3445510864257812,2
Pyrénées - Ménilmontant,48.8693268535238,2.395084574818611,0
Résistance - Hoche,48.864273423741956,2.435784414410591,0
Lamarck - Saint-Ouen,48.891334555236,2.3272445342326,0
Pierre Demours - Laugier,48.8813072,2.294846,5
De Toqueville - Terrasse,48.882428,2.314002,3
Iles de Loisirs de Créteil,48.780258200618,2.4455094301232,5
Guichet - Jean Jaurès,48.905169868129036,2.3023840785026555,4
Emile Reynaud - Porte de la Villette ,48.90098953630053,2.3887022584676743,2
Quai Voltaire,48.858942986179,2.3314182047146,24
Hautpoul - Jean Jaurès,48.886393679436,2.3865414544355,1
Chausson - Gabriel Péri,48.921891003481115,2.2952306270599365,3
Pau Casals - Neuve Tolbiac,48.8311602,2.3774395,50
Granges aux Belles - Hôpital Saint-Louis,48.874794994841,2.366669436985,5
Buffon - Jardin des Plantes,48.842668466104875,2.3618587106466293,11
Hôpital Mondor,48.798922410229,2.4537451531298,7
Bercy - Traversiére,48.846192642574,2.3703800886869,16
Rampal - Belleville,48.873114661405,2.3798409114805,3
Place Eustache Deschamps,48.793855,2.336637,5
Jules Guesdes - Carnot,48.93828169931872,2.3508992046117783,1
Marcel Yol - Jullien,48.82537611802588,2.287235018058929,6
Paix - Verdun,48.900504,2.261173,16
Président Roosevelt - Rouget de Lisle,48.83047518749,2.2616135525345,38
Bruant - Vincent Auriol,48.834848452929,2.3668264996271,23
Henry Farman,48.83372430280548,2.2713854536414146,15
Caulaincourt - Place Constantin Pecqueur,48.889677905028,2.3381787144261,6
Averroès - Aimé Césaire,48.91405323432864,2.412636950612068,5
Marignan - Champs-Elysées,48.869495661232,2.3066138139003,0
Larmeroux - Baudelaire,48.816939911292,2.2809894804846,1
Leredde - Tolbiac,48.82887629664,2.3744382709265,28
Courcelles - Place des Ternes,48.878199928923124,2.2992860188665043,10
Terroirs de France - Lheureux,48.83212027074841,2.388618104159832,54
Maxime Gorki - Paul Vaillant-Couturier,48.79673508795443,2.3683342337608337,0
Arthur Ranc - Hôpital Bichat,48.8978712500682,2.333521842956543,6
Créteil Pompadour,48.773011623355,2.435166164893,4
Gare RER,48.896280181078,2.4581568985227,14
Parc Suzanne Lenglen,48.833250690537874,2.2765403240919113,50
Lac Daumesnil - Saint-Maurice,48.82774555743318,2.4183654785156246,5
Haut du Mont-Mesly,48.780191921646,2.4685737495183,7
Hôtel de Ville de Fontenay-aux-Roses,48.790844603480856,2.2871455930319455,2
Londres - Europe,48.878618556803,2.3248164693922,19
Jouffroy d'Abbans - Malesherbes,48.8850134,2.3070717,16
Gabriel Péri - Jules Ferry,48.926182814311,2.3912295762525,25
Evariste Galois,48.873341356228,2.4133544409574,0
Paul Signac - Aristide Briand,48.86950262156371,2.4502260982990265,1
Place de la Reine Astrid,48.864920982538,2.3025491823859,39
Danielle Casanova - Opéra,48.867643242297,2.3333894088864,18
Jean Jaurès - Paul Lafargue,48.884933177666,2.2484488785267,24
Square Louis XVI,48.87320440102894,2.323658830743138,27
Gare Montparnasse - Vaugirard,48.8418071798797,2.31951002690117,4
Jardins d'Eole,48.8869703,2.3668488,2
Jean Oestreicher - Porte de Champerret,48.88655580065981,2.288640439510346,9
Madeleine Vionnet,48.902519074064,2.3740895837545,59
Jean Bologne - Passy,48.857566889784465,2.280027395306772,2
Raspail - Chomel,48.852233164303,2.3266580700874,49
Benjamin Delessert - Jean Lolive,48.89392043619345,2.417981922626496,2
Piat - Parc de Belleville,48.87195626635528,2.384981390278095,0
Place de la Porte de Champeret,48.886062068226,2.2917001576821,5
Jules Guesde - Laennec,48.87628983900398,2.5006942078471184,17
Résistance - Parmentier,48.85965138131299,2.436705082654953,2
Albert Kahn - Duhesme,48.895623001056,2.345815078896,0
Véron - Lepic,48.88526123395252,2.334559857845307,3
Place d'Italie - Soeur Rosalie,48.831908520394,2.3546943448098,3
Grande Truanderie - Saint-Denis,48.8626302,2.3498075,5
Conservatoire de Musique,48.77093586667601,2.4034014344215398,14
Place des Victoires,48.8660354,2.3420333,22
Le Brun - Gobelins,48.835092787824,2.3534681351338,4
Place Balard,48.836395736424,2.2784192115068,37
Lobau - Hôtel de Ville,48.8562118,2.3532536,56
Villette - Belleville,48.8726877314,2.376461327076,5
Louis Xavier de Ricard - Ancienne Mairie,48.84629899065091,2.472420372068882,2
Docteur Calmette - Martre,48.898969358483,2.3086513252383,18
Reuilly - Place Felix Eboue,48.84030274499962,2.394630398715453,5
Charonne - Bureau,48.854176,2.396093,1
Youri Gagarine - Commune de Paris,48.782427463041,2.3939734697342,17
Saint-Mandé - Fabre d'Eglantine,48.8453579,2.3965022,19
Flandre - Riquet,48.888013281448,2.3737595955229,3
Championnet.,48.8953643,2.3498166,0
Indre - Prairies,48.86254398506782,2.403290458023548,1
Gare de Lyon - Place Louis Armand,48.845515089794,2.3726498446286,7
Pont De Charenton,48.8179685,2.4199531,17
Square Simon Bolivar,48.875089888322,2.3826304078102,3
Quai de Sèvres - Manufacture Nationale,48.828688,2.22499,24
Reynaldo Hahn - Lagny,48.849266043601794,2.412330328844772,9
Bastille - Beaumarchais,48.853833463852,2.3685702681541,20
Mairie d'Issy,48.823767792468,2.2723111510277,28
Champeaux - Gallieni,48.864459134684644,2.4161778017878532,4
Louis Lejeune - Barbès,48.81807418981508,2.3267009854316716,6
Mairie du 12ème,48.840855311763,2.3875549435616,1
Madagascar - Meuniers,48.83460464474706,2.3970650508999825,4
Stade de France - Francis de Pressensé,48.919141953558,2.3620655760169,23
Rouget de Lisle,48.764615483395254,2.4071189761161804,14
Général Martial Valin - Pont du Garigliano,48.83823094269141,2.270506024360657,12
Saint-Honoré - 29 juillet,48.86557114282421,2.330567417577153,9
Archives - Pastourelle,48.8623615,2.3595041,24
Louis Armand - Bernard Palissy,48.916974,2.313384,11
Saint-Jacques - Soufflot,48.846280383395,2.3430785379567,16
Halle Freyssinet - Parvis Alan Turing,48.832846814471,2.3711421713233,23
Gare Arcueil - Cachan,48.799824,2.328171,13
Decrès - Alésia,48.832200060759,2.3139070151575,2
Naples - Rome,48.879960700846226,2.321358695626259,3
Ecole Militaire - Place Joffre,48.852060203583,2.3017993569374,23
Bourdonnais - Tour Eiffel,48.860897797941,2.295599598447,53
Marseille - Beaurepaire,48.871624306962985,2.3639265082738348,9
Franciade - Gabriel Péri,48.93261499331498,2.355954498052597,6
Mûriers - Père Lachaise,48.864130509668044,2.39164982067019,0
Séminaire de Conflans - Liberté,48.823194,2.404179,15
Mairie du 11ème,48.858925,2.3789759,17
Bienfaisance - Place de Narvik,48.87660163459077,2.3129771277308464,34
Morillons - Dantzig,48.83310149953933,2.299380004405976,1
André Theuriet - Blagis,48.77977325745441,2.3130525648593903,17
8 Mai 1945 - 10 Juillet 1940,48.784567029674,2.3979035764933,19
Tardieu - Chappe,48.884146759782,2.341845408082,1
Cimetière de Boulogne-Billancourt,48.830764,2.252024,22
Clef des Champs - Albert Dhalenne,48.914938,2.330665,11
Reims - Porte d'Asnières,48.891834448210986,2.300144659954865,19
Pesaro - Préfecture,48.89577046284005,2.223908342421055,13
Louis le Grand - Italiens,48.870508937204,2.3340544619393,32
Froment - Bréguet,48.8570414504784,2.37289470306807,25
Parc Floral du Bel Air,48.839285711865735,2.438560165464878,10
Place Falguière,48.83629973941847,2.3104464635252953,1
Jacques Callot - Mazarine,48.855280175332,2.3375743255019,27
Estienne d'Orves - Henri Ginoux,48.815388220397274,2.320886790760933,0
Réunion - Avron,48.852566752033766,2.403928068708116,1
Belidor - Gouvion-Saint-Cyr,48.88022154052015,2.2854680567979813,17
Petit - Georges Thill,48.88603131999171,2.3895753175020222,0
Taitbout - Châteaudun,48.876383969379,2.3353566779335,23
Cambronne - Mademoiselle,48.843277330035214,2.30230766886348,7
Faubourg Poissonnière - Dunkerque,48.880883445404436,2.349934279918671,5
Rond-point du Dr Albert Schweitzer,48.78980918988166,2.3143940046429634,0
Charlot - Stade Gabriel Voisin,48.827228120536,2.268122527474,25
Parmentier - Fontaine au Roi,48.86787670551736,2.372705978671471,1
Mairie d'Ivry-sur-Seine,48.81057120969284,2.3842826485633855,36
Maurice d'Ocagne - General Maudhuy,48.82414282524159,2.3158789426088333,7
Beaumarchais - Saint-Gilles,48.8580378,2.3679352,28
René Coty - Place Denfert-Rochereau,48.833056477316,2.3329411447048,0
Thouin - Cardinal Lemoine,48.84504716661511,2.3494647851273465,15
Esplanade du Foncet - Camille Desmoulins,48.827090233494964,2.2606857866048813,25
Amédée Huon - Fort d'Ivry,48.805131376899986,2.388489693403244,6
Pereire - Ternes,48.87973954830735,2.288012132048607,6
Hôtel de Ville de Levallois Perret,48.89314451997415,2.2888818383216862,10
Legendre - Dulong,48.885325169402904,2.316423766314984,1
Coquillière - Louvre,48.863795909662,2.3425736278296,20
Jean Lolive - Parc Stalingrad,48.89206174403158,2.4091735482215886,5
Benjamin Godard - Victor Hugo,48.865983,2.275725,1
Vaugirard - Verrerie,48.820881336842,2.2367222622987,22
Hôpital Necker,48.846043490118454,2.313245013356209,3
Vladimir Ilitch Lénine - Andrée Chedid,48.813240124373,2.3319716067039,3
Cimetière d'Issy-les-Moulineaux,48.817699773925,2.2609312087297,1
Duhamel - André Gide,48.8365662244334,2.312707121097412,0
Pierre Larousse - Raymond Losserand,48.83059564231877,2.3119183257222176,6
Alfred de Vigny - Place du Général Brocard,48.87836138361425,2.305254448220567,32
Bruneseau - Quai d'Ivry,48.824945637583,2.3885661363602,44
Parc Monceau,48.881077914129,2.3095492646098,12
Porte des Lilas - Faidherbe,48.87861855668978,2.4120327830314636,3
Point du Jour - Jean Jaurès,48.828753141436465,2.245911467014621,6
Théâtre - Lourmel,48.8482070397636,2.2898658737540245,47
Roland Garros - Jean Bouin,48.809460857173,2.2853198638301,2
Cléry - Montmartre,48.867458,2.3445211,49
Saint-Maur - Roquette,48.858688774062955,2.383553994571467,5
Daumesnil - Picpus,48.8374688,2.401765,3
Rottembourg - Général Michel Bizot,48.83787825992554,2.4044052511453633,3
Henri Barbusse - Stalingrad,48.814183748660554,2.2872862592339516,1
Caumartin - Provence,48.874422773426545,2.3284685611724854,17
Primo Levi - Frigos,48.83094844846017,2.37965351592796,34
Moscou - Edouard Vaillant,48.90755810177,2.4689837335263,12
Saint-Romain - Cherche-Midi,48.84708159081946,2.321374788880348,4
Gambetta - Tourelles,48.875337902264,2.4059921130538,0
Davout - Volga,48.852919679957296,2.410522909779111,0
Bordier - Félix Faure,48.90390751882016,2.3830059170722966,10
Jardin d'Acclimatation,48.878772242510465,2.270772233605385,13
Belleville - Pyrénées,48.8741908,2.3860039,5
Alexandre Dumas - Voltaire,48.852888670365,2.3891476408096,16
La Motte-Picquet - La Tour Maubourg,48.856926701847,2.3096215831203,19
Porte de la Villette,48.89835196548483,2.386150136590004,17
Fédération - Suffren,48.852828153442,2.2978776320815,22
Place de la Nation - Charonne,48.848364667777,2.3997623859813,4
Ecole Vétérinaire,48.81488859822486,2.4224362157778994,32
Cimetière de Montmartre,48.886472466142,2.3328901827335,3
Square Etienne Jarousse,48.82485182597129,2.2925933450460434,4
Cité des Sciences et de l'Industrie,48.89659571178903,2.384599149227142,7
Mairie du 14ème,48.83254578123,2.3254923149943,0
Assas - Rennes,48.8492084999386,2.32851454623001,8
Place Tony de Graaff,48.8181645,2.2458109,5
Vignerons - Minimes,48.841486,2.430793,8
Beaux-Arts - Bonaparte,48.856451985396,2.3348518833518,20
Hôpital Bégin,48.84571672113,2.4272462725639,10
Enghien - Faubourg Poissonnière,48.872420063053,2.3483952362828,28
Parmentier - Hôpital Saint-Louis,48.871379874257,2.3698963836667,3
Etienne Marcel - Montorgueil,48.86450567259199,2.3461959511041637,10
Ivry - Simone Weil,48.823283932030755,2.3659095168113713,5
Bargue -  Dutot,48.837884,2.308876,2
Manin - Carrières d'Amérique,48.884672142095,2.3919698596001,0
Convention - Vaugirard,48.83767682233156,2.295586926020252,5
Joffre - Aigle,48.904033,2.245096,8
Pasteur - Cotentin,48.8389284,2.316356,2
Place Jean Mermoz,48.9220937,2.2718348,5
Championnet - Vauvenargues,48.89401874744574,2.3319872841238976,3
Gare Rer de Fontenay sous Bois,48.8436279,2.4630465,8
Vieille du Temple - Francs Bourgeois,48.858256413365815,2.35821794718504,10
Place de Verdun,48.8202823,2.473775,23
Longchamp - Place d'Iéna,48.864917233434,2.2926748171449,22
Cimetière de Montrouge,48.821466904768,2.3215785772007,17
Porte de Clignancourt.,48.897488,2.343996,1
Silly - Louis Blériot,48.83219045374266,2.2340199351310734,18
Place de Lévis,48.883546851533254,2.3131933808326726,1
Uzès - Montmartre,48.870790980240706,2.3431010171771054,27
Chevaleret - Louise Weiss,48.832586513351,2.37121138812,34
Jean Mermoz - Champs-Elysées,48.869689856852,2.3107324540615,47
Cauchy - Cévennes,48.843372571022,2.2751328349113,34
Moulin de Pierre - Abbé Grégoire,48.822036188382,2.2754641655975,0
Beaubourg - Michel-le-Comte,48.862534941806,2.3543103039265,11
Marseillaise - Grenade,48.889371092747,2.3979396821544,4
Dora Maar - Nadia Guendouz,48.905452421305,2.3220406472683,22
Jean Jaurès - Salvador Allende,48.821475594736775,2.3026576638221745,3
Place de la Nation - Picpus,48.846821681548,2.4001130461693,3
Lucie Aubrac - Franklin,48.86223916006812,2.4435862898826604,2
Estrapade - Ulm,48.84512772828,2.3454568170362,13
Montreuil - Gonnet,48.850500564921,2.3890856287864,5
Kléber - Gouverneur Général Eboué,48.826885843069796,2.2723413258790965,23
Gaston Tessier - Rosa Parks RER,48.8963765,2.3743692,6
Place de l'Insurrection d'Août 1944 ,48.81477852751594,2.398074567317963,18
Anatole France - President Roosevelt,48.9155156,2.3814103,4
Gare de Lyon - Van Gogh,48.843839785643,2.3704450240357,28
Mairie de Clichy,48.903653634661,2.3059353232384,1
Lycée Saint Exupéry - Juliette Savar,48.783021513972,2.4637357216879,14
Claude Vellefaux - Sambre et Meuse,48.875022,2.370478,3
Mairie du 15ème,48.8417762,2.2986539,5
Molière - République,48.81111581390707,2.3145738624448158,1
Boulets - Faubourg Saint-Antoine,48.849259262115,2.3917546141943,14
Hôtel de Ville de Vincennes,48.84827609706963,2.4398955702781677,4
Montreuil - Voltaire,48.850507011842,2.3930755582745,3
Place de Rhin et Danube,48.88192765861766,2.392586767673493,1
Placette Grégoire Collas,48.94342014002797,2.2487476095557213,8
Bertrand Sincholle - Henri Barbusse,48.89925982394349,2.3042294383049016,5
Perle - Vieille du Temple,48.8601346,2.3611206,26
Bois de Vincennes - Porte Jaune,48.838751246689455,2.4605489149689674,3
Charles de Gaulle - Jean Lolive,48.8932644350857,2.4126765131950383,8
Bourse du Travail,48.868976638826,2.3623438552022,8
Bobillot - Paulin Mery,48.829899841747,2.3543356766749,5
Sèvres-Gallieni,48.837809408957,2.2281519323587,24
Saint Georges - d'Aumale,48.87778639599673,2.337429821491241,7
Hameau Fleuri - Marché,48.831448892608314,2.2412404417991643,13
Edgar Quinet - Raspail,48.83940266673835,2.32971478253603,11
Petit Palais,48.8667692,2.3157655,26
Place de la Porte de Paris,48.93009363207303,2.3564037680625916,13
Raffet - Montmorency,48.85258670812,2.2629252456151954,9
Mairie de Romainville,48.885109,2.435679,1
Faidherbe - Dahomey,48.851358329771806,2.383823134795429,15
Chastenet de Géry - Marcel Paul,48.800123,2.3567359,2
Cours de Vincennes - Davout,48.847238029966,2.4107042336225,16
Porte de la Plaine,48.82805169605981,2.2924277186393742,2
Regnault - Patay,48.82435782216384,2.377065159380436,61
Marc Sangnier - Porte de Vanves,48.825218683556734,2.3107116669416428,1
Haies - Réunion,48.85386896766491,2.402426162238911,1
Versailles - Claude Terrasse,48.840219338074,2.263834191153,14
Lacépède - Monge,48.84389286531899,2.3519663885235786,7
Wilson - Métallurgie,48.909423010092326,2.3584435880184174,8
Belfort - Victor Hugo,48.9018492,2.3172724,13
Claude Debussy - Marc Bloch,48.910388180512,2.3117771744728,54
Paul Barruel - Vaugirard,48.84014918546239,2.3044332861900334,6
Macdonald - Césaria Evora,48.89883,2.37933,31
Mairie du 10ème,48.872089449907,2.3575825989246,4
Volontaires - Vaugirard,48.84132050184004,2.30808901725357,2
Vanne - Saussaies,48.786404,2.338848,13
Jules Guesdes - Général de Gaulle,48.81930581291959,2.278934195637703,1
Grande Rue - Europe,48.8218104687602,2.205879874527455,3
Porte d'Orléans,48.8227639,2.3249313,4
Gaston Roussel - Commune de Paris,48.894320345532,2.4325522744195,0
François Truffaut - Saint Emilion,48.83372354344807,2.386601903271428,65
Moncey - Blanche,48.88006587474148,2.3310810327529907,5
Général De Gaulle - Alouette,48.839109,2.4175664,1
Verdun - Adrien Damalix,48.8222334178559,2.4215328320860863,3
Gardenat Lapostol - Franklin Roosevelt,48.871839,2.222505,5
Guy Môquet - Compoint,48.89213559044868,2.32321947813034,1
Charenton - Prague,48.848175129981,2.3763584494312,23
Raspail Barbès,48.8529945,2.4247387,8
Saint-François-Xavier,48.85154484769,2.3146149516106,36
Place de la Nation - Taillebourg,48.8488408,2.3973043,3
Dantzig - Lefebvre,48.83013921586756,2.295934036374092,1
Hôpital - Campo-Formio,48.835405,2.358218,4
Galilée - Kléber,48.867411865714,2.2907813801148,26
Jonquoy - Didot,48.82890454823947,2.31648076325655,1
Ventadour - Opéra,48.866810653323,2.3343884482519,26
Place de la Fraternité,48.85716405838368,2.422847449779511,2
Général De Gaulle - Vivien,48.83607420090204,2.4189166724681854,2
Bercy.,48.839966914994,2.3788625746965,64
Madeleine Michelis - Roule,48.88260431301364,2.2773634269833565,9
Square Cambronne,48.84756654526,2.3025691509247,45
Bichat - Grange aux Belles,48.873688,2.365015,7
Rouget de L'isle - Watteau,48.778192750803,2.3963020229163,4
Calmette,48.88104925098552,2.424993216991425,2
Sèvres - Maréchal Juin,48.8324305,2.2292812,17
Cujas - Saint-Michel,48.848191348584,2.341831654854,11
Lagny - Victor Basch,48.84884147189881,2.426325418925233,22
Jean Jaurès - Place du Dr Roux,48.927567032796,2.2947337017374,33
Pierre Sarrazin - Saint-Michel,48.850908146398,2.342130728066,29
Poissonniers - Championnet,48.89543299733937,2.3530178144574165,6
Gergovie - Alésia,48.83088717455243,2.318882101207347,1
Créteil Pointe du Lac,48.769807356177,2.4623027310281,17
Euryale Dehaynin - Loire,48.886248917304805,2.3774591088294987,0
Chemin Vert - Fraternité,48.877141208359035,2.4461565166711807,0
Gare du Nord - Saint-Vincent de Paul,48.880955741648,2.3524305148385,1
Place de l'Europe - Quai de Bercy,48.82529858840266,2.3945679143071175,10
Roger Salengro - Fontainebleau,48.814548697325,2.3611663654447,5
Route de la Muette - Porte de Neuilly,48.8798926,2.2587671,14
Aristide Briand - Gare de Bagneux,48.79387269664978,2.321148812770844,16
Jean Monnet - Iles,48.823393984057304,2.2497073194874866,18
Custine - Ramey,48.888735896947,2.3469526693225,0
Pierre Lefaucheux - Traversière,48.82435208303827,2.2417913004755974,31
Jouffroy d'Abbans - Wagram,48.881973298352,2.301132157445,8
Square Léon,48.88667396788626,2.353205569088459,0
Place Aristide Briand,48.82189236575831,2.413003742694855,1
Place De Fontenoy - Saxe,48.850270554523,2.3069813815839,15
Michelet - Dr Bauer,48.906125424194,2.3440374449846,12
Hôtel de Ville d'Argenteuil,48.946504,2.2496396,13
Guynemer - Jardin du Luxembourg,48.8466127,2.3325478,26
Sénat - Condé,48.84954227788459,2.337939441204071,28
Verdun - Carnot,48.808439376064946,2.373795211315155,2
Berthier - Porte de Clichy,48.894222687781,2.3125872006816,22
Mairie du 4ème,48.855949910497,2.3563823103905,15
Félix Faure - Sadi Carnot,48.90812110228388,2.378623187541962,13
Jeanne Hornet - Girardot,48.873802681432146,2.427820265293122,2
Porte Dorée,48.8354337,2.4077132,12
Place de la Gare,48.80253358011283,2.4275037646293645,1
Gare de Bellevue,48.8192404685572,2.2295309230685234,2
Gare de Clichy-Levallois ,48.89679827481989,2.2984680533409123,10
Bateliers - Quai de Seine,48.915817585516,2.3239533298594,14
Dom-Pérignon - Gravelle,48.825481574435,2.409880310297,19
Palais des Sports,48.833468517426,2.2858720645308,18
Sadi Carnot - François Mitterrand ,48.87532687671517,2.4241617321968083,3
Duroc - Place de Breteuil,48.847460641142,2.3126140236855,21
Quai du Président Roosevelt - Pont Aval,48.8343883676388,2.2656820714473724,29
Paul Doumer - Stalingrad,48.806518992199,2.3368880152702,16
Pyramide - Parc Floral,48.837442,2.440452,13
Ménilmontant - Père Lachaise,48.863287291502,2.3869940266013,5
Turbigo - Réaumur,48.865574047531,2.3564198613167,19
Cité de la Musique,48.888796556487,2.3925811931922,13
Place de Finlande,48.862408335967,2.3113624379039,11
Schoelcher - Raspail,48.83681733526843,2.3312794080411474,8
Jean Rostand - Paul Vaillant Couturier,48.908168131015,2.4530601033354,22
Octave Feuillet - Albéric Magnard,48.86106902949534,2.2730283066630363,6
Cesaria Evora - Rosa Parks,48.89717672825043,2.3745173960924144,9
Thérèse - Opéra,48.866483514509,2.3344334212238,24
François 1er - Montaigne,48.866887649978,2.3066755757207,51
Lavoisier - Missak Manouchian,48.86286468896063,2.495676465332508,11
Georges Pompidou - Verdun,48.875481,2.232443,14
Place des Arts - Jean Mermoz,48.880391139734,2.1832160452221,10
Faubourg Du Temple - Republique,48.867872484749,2.3648982158072,11
Saint-Didier - Raymond Poincaré,48.86642312020962,2.285863497192411,9
Quai Panhard et Levassor,48.828374828097,2.3842737458056,56
Victor Hugo - Ecoles,48.80476007936134,2.4180373930262093,4
Liège - Moscou,48.8795431,2.3264628,4
Place Nationale - Château-des-Rentiers,48.829268,2.365212,11
Sèvres Rive Gauche,48.821443218278,2.2150785306885,3
Faustin Hélie - Desbordes-Valmore,48.859403,2.276522,2
Sèvres - Lecourbe,48.8447677,2.3110086,54
Charles de Gaulle - Les Sablons,48.880987514929,2.2715748726513,31
Ecoles - Carmes,48.848904447989405,2.3473486304283147,33
Crevaux - Bugeaud,48.87080942867,2.2811490076919,7
Manin - Crimée,48.8831217743719,2.3863670602440834,1
Alexandre Dumas - Place de la Réunion,48.85533710742046,2.3997703687646292,1
Bercy - Villot,48.841795009027,2.3767850184816,32
Place Georges Guillaumin,48.874750203957,2.301771435326,25
Liard - Amiral Mouchez,48.8214169,2.342167,1
Faubourg Montmartre - La Fayette,48.875254549053,2.3408536612988,32
Fief - République,48.83170888166024,2.255771979689598,23
Jean Jaurès - Ouvrières Pivéreuses,48.910423437526,2.3995766043663,4
Boyer-Barret - Raymond Losserand,48.83329880233322,2.3173383995890617,2
Fragonard - Porte de Clichy,48.894155633419,2.3143893107772,17
Tristan Tzara -  Tchaïkovski,48.89490221746837,2.3648490384221077,1
Parc André Citroën,48.840639944296655,2.2780618071556096,60
Lally-Tollendal - Armand Carrel,48.88270066221072,2.374717555940151,1
Jardin Marguerite Long,48.8816985773914,2.2836575657129288,9
Place Jean-Baptiste Clément,48.81240466867336,2.3617091774940495,4
Génie - Mozart,48.794902381218904,2.3734183609485626,2
Jeûneurs - Mulhouse,48.868997,2.346925,22
Constantine - Université,48.860680473738,2.3148481955842,24
Marne - Germain Dardan,48.81217465201,2.3035024699104,3
Belfort - Voltaire,48.8563358,2.3829901,14
Résistance - Romain Rolland,48.950873482371,2.2310190077797,0
Melun - Jean Jaurès,48.8837796723475,2.376477420330048,0
Place Ginette Hamelin,48.837853,2.382064,18
Fabre d'Eglantine - Place de la Nation,48.8471116,2.3956204,9
Mariotte - Batignolles,48.884571659595,2.321469503475,2
Gare d'Argenteuil,48.947022436806705,2.256898172199726,10
Stalingrad - Rigollots,48.84997403844251,2.45557576417923,0
Mstislav Rostropovitch - Berthier,48.892120821173975,2.309234105050564,9
Marché Secrétan,48.88125496379482,2.373463287949562,4
Rocher - Laborde,48.87590240712654,2.322616316378116,25
Le Goff - Gay-Lussac,48.846102400979,2.3412207886577,16
Grands Moulins de Pantin,48.89738369720229,2.3959985375404362,14
Tanger - Place du Maroc,48.8862524447104,2.3689296841621403,0
Gare de Courbevoie,48.8993867,2.2506506,3
Bréguet - Sabin,48.856931678257,2.3706749462105,27
Ségur - d'Estrées,48.851419978983,2.3097044974566,16
Lemercier - Cardinet,48.890097168851746,2.317377626895905,1
Grande Armée - Brunel,48.876116,2.288124,42
Victor Hugo - Magasins Généraux,48.903281401126755,2.368072383105755,34
Ivry - Baudricourt,48.824695995415006,2.363106073577468,4
Edouard Vaillant - Paul-Adolphe Souriau,48.834845858829,2.2479459643364,26
Quatre Vents - Carrefour de l'Odéon,48.851751374458864,2.338161695134053,23
Stalingrad - Général de Gaulle,48.823450589614,2.4965062363218,18
Cherche-Midi - Hôpital Necker,48.84461063309956,2.317914068698883,10
Ney - Porte de Clignancourt,48.8978867,2.3458001,1
Place des Larris,48.8568363,2.4780236,9
Place de l'Hôtel de Ville,48.8573314,2.351458,13
Place Saint-André des Arts,48.852886173881,2.3426544293761,25
Emile Blemont - Poteau,48.8943782,2.3415122,1
Provence - Chaussée d'Antin,48.87428447542072,2.332976511564311,25
Hôtel de Ville de Boulogne Billancourt,48.83495885166784,2.2416803240776066,23
Charenton - Place du Col Bourgoin,48.844867319554,2.3825789350545,9
Romain Rolland,48.820215229662765,2.3234144234418346,4
Riquet - Marx Dormoy,48.89021003702,2.3601756244898,1
Saint-Gilles - Turenne,48.858158956779,2.3647149920992,16
Dunois - Clisson,48.832294,2.3674523,37
Neuilly - Petit,48.898965361341254,2.29627937078476,2
Place Nelson Mandela,48.897874318180556,2.2182820737361912,27
Richard Wallace - Place du 8 Mai 1945,48.87866794788021,2.2420343756675725,16
Louis Rolland - République,48.81710889740748,2.3193106434955717,7
Boissière - Etienne Dolet,48.876111,2.4677312,5
Enfants du Paradis - Peupliers,48.833122686454,2.2571459412575,75
Bréa - Raspail,48.842738478258,2.3297942217634,11
Vincennes - Douy-Delcupe,48.85493692155721,2.436049282550812,8
Victor Hugo - Bineau,48.88758225888669,2.2783890366554265,18
Hôpital Européen Georges Pompidou,48.837695319163,2.2753742337227,59
Leroy des Barres - Médiathèque,48.928253687082,2.3681719727966,11
Général Leclerc - République,48.915885074177,2.2682306702811,15
Mazagran - Pierre de Coubertin,48.816218640260445,2.344226874411106,2
Commandant l'Herminier - Gallieni,48.847040552603,2.4160453677177,10
Magenta - Chabrol,48.876495350882,2.3560990020633,2
Maxime Gorki - Louis Aragon,48.78909814728443,2.368387877941132,3
Le Vau - Maurice Bertaux,48.86803439043193,2.411030612453627,1
Clichy - Douai,48.883687771522,2.328063700029,2
Alfred Roll - Berthier,48.887808570529,2.3000952981763,2
Institut de France,48.857615678565,2.3358313530377,17
Porte Dauphine,48.871139344351,2.2749781616017,63
Place Saint-Ferdinand,48.87815529789739,2.288518047864942,10
Vivaldi - Antoine-Julien Hénard,48.841923663276546,2.389728979467376,0
Gare Saint-Lazare - Isly,48.874777677621296,2.326515804784655,0
Camille Groult - Guy Môquet,48.787482746521306,2.3976725712418556,11
Lagny - Auguste Blanqui,48.84922568052601,2.4218603968620305,16
Danton - Serpente,48.852297362582,2.3414132371545,12
Châteaudun - Place de la Liberté,48.90970830301211,2.2454486480600626,6
Geoffroy - Marie,48.873781940593325,2.344513876337893,17
Gouthière - Poterne des Peupliers,48.820507,2.351342,2
Gare du Nord - Place de Valenciennes,48.879089,2.354235,3
Basilique,48.93626891059109,2.3588666820200914,10
Sabot - Rennes,48.852575112948415,2.331552766263485,26
Saint-Denis - Université,48.94563430946964,2.3638297989964485,12
Récollets - Square Villemin,48.875034655883944,2.359801238597928,3
Saint-Ambroise - Parmentier,48.862147844548,2.3772348091006,4
Cambronne - Villa Croix Nivert,48.845847561366,2.3017574474216,20
Diderot - Pierre Bourdan,48.847648620797,2.3902582749724,3
Place de la République - Temple,48.867211201859,2.3635464370545,11
Belles Feuilles - Place de Mexico,48.865804746474,2.2829206287861,9
Square du Bataclan,48.8633762,2.3711327,6
Assas - Luxembourg,48.843734468779,2.3334283818759,21
Jean-Jacques Rousseau - Deux Ecus,48.86297805972131,2.3414635285735126,15
Colmar - Victor Hugo,48.88652251096166,2.173960916697979,28
Gare de Robinson,48.7799259211605,2.281828634440899,14
Val-Fleury,48.807671407991,2.2407217696309,3
Pré Saint-Gervais - Lilas,48.877870626988,2.3959073424339,0
Lucie Aubrac - Fort,48.818144834008976,2.271184623241425,0
Square de Choisy - Eastman,48.828543456283,2.3583075090494,3
Voltaire - Anatole France,48.891999360256904,2.284262739121914,8
Gare du Nord - Denain,48.879595787608,2.3544725775719,0
Lucien Sampaix - Récollets,48.874330377560476,2.3621229082345963,8
Saint-Blaise - Mouraud,48.85696177597818,2.40869477391243,3
Berri - Haussmann,48.874746047357135,2.3082953318953514,35
Gare de l'Est - Faubourg-Saint-Martin,48.875642647477,2.3594588041306,2
Tertres - Fontaine,48.787553654715644,2.306235730648041,0
Place de la Paix - Abbé Saint-Pierre,48.86462724459225,2.2047570338469806,1
Colonel Pierre Avia,48.8296843300915,2.275342586850291,25
Tolbiac - Boussingault,48.826177754027,2.3420378552202,7
Ledru-Rollin - Place du Père Chaillet,48.856433706943704,2.379020587761426,7
Lebrun - Colonel Fabien ,48.78266870733145,2.381317801773548,3
Henri Barbusse - Bourguignons,48.91301722799713,2.2734212270774417,3
Metz - Faubourg Saint-Denis,48.870893,2.353521,5
Carducci - Place Hannah Arendt,48.877436681515796,2.3860743641853337,2
Bézout - Général Leclerc,48.82884804502439,2.3285973072052,1
Richard Lenoir - Place de la Bastille,48.8538327,2.3697222,48
Place du Cornillon - Stade de France,48.92540695835961,2.3644426837563515,29
Béranger - Félix Faure,48.80404828621485,2.2848263373723436,1
Victoria - Place du Chatelet,48.857992591527,2.3469167947769,21
Notre-Dame-des-Champs - Stanislas,48.84479928858768,2.329337755887181,16
Porte de Versailles,48.832324016657,2.2875617349045,16
Traktir - Foch,48.872755334614,2.2915497802487,11
Saint-Antoine Sévigné,48.8550222,2.3612322,22
Hôtel de ville de Fontenay-sous-Bois,48.84949749106274,2.4750164151191716,3
Landy - Heurtault,48.915096534520316,2.375951372087002,3
Hôtel de Ville de Saint-Ouen,48.911380185786,2.3340076807601,21
Pelée - Alphonse Baudin,48.8600265,2.3710541,16
Auguste Blanqui - Corvisart,48.8300989,2.3502726,3
Temple - Haudriettes,48.861636880212,2.3566960206458,17
Arcole - Notre-Dame,48.853883541328,2.3493797332048,30
Jean-Baptiste Charcot - Sainte-Geneviève,48.90310883721567,2.278892956674099,6
Ancienne Mairie - André Morizet,48.838311,2.234077,18
Square Montholon,48.876620377545024,2.3457641154527664,6
Nungesser - Santé,48.852335,2.448967,0
Jean Jaurès - Presles,48.907134414988,2.3960057280531,1
Silly - Galliéni,48.835583838706,2.2325500845909,23
Benoît Frachon - République,48.85230729014318,2.415605485439301,20
Lagny - Joffre,48.84930687084088,2.417949736118317,18
Gare de Nanterre Ville,48.8950295,2.1957932,2
Guillaume Tell - Parc Henri Barbusse,48.88958925894009,2.4198862910270695,5
Batignolles - Place de Clichy,48.883474535757,2.326493114233,4
Liberté - Vert-de-Maisons,48.790147809608,2.4328628182411,10
Charonne - Avron,48.851602665222,2.3984030470379,1
Square Gilbert Thomain,48.90717373809284,2.2695400938391685,8
Place Jacques Bonsergent,48.870948218595,2.3612049221992,8
Léon Frot - Charonne,48.854963800335234,2.387217085372007,4
Hôtel de Ville - Pont-Marie,48.853899645527,2.3569472506642,11
Château - Bineau,48.890404028589806,2.270106375217438,13
Porte d'Aubervilliers,48.89859661942376,2.3689722642302513,24
Octave Gréard - Tour Eiffel,48.856502977696,2.2931787543289,31
Pont de Levallois-bécon ,48.8984179,2.2791311,42
Richard Lenoir - Voltaire,48.86164273878,2.3727491497993,4
Jussieu - Fossés Saint-Bernard,48.847185510023,2.3534858599305,1
Faubourg St-Antoine - Place de la Nation,48.8487726,2.393606,4
Mairie du 7ème,48.8577967,2.3192664,43
Sorbonne - Ecoles,48.849686566191,2.3434996604919,41
Mairie du 20ème,48.865302324275,2.3990669846535,0
Saint-Amand - Labrouste,48.834097274832295,2.3087677359581,3
Place Charles Digeon,48.84354203133597,2.418427169322968,4
Henri Barbusse - Gabriel Péri,48.801773795836,2.2874166362216,0
Carnot - Général Lanrezac,48.875443870736,2.2938242935036,0
Bastille - Quai de la Rapée,48.84682410855,2.3669364675879,16
Pont de Lodi - Dauphine,48.855296898603285,2.339947307565249,12
Lavandieres Sainte Opportune - Rivoli,48.859279702476,2.3466217517853,4
Garibaldi - Gabriel Péri,48.905741911394,2.3316044208059,3
Bayen - Pereire,48.881804409079656,2.2921088710427284,2
Fernand Braudel - Vincent Auriol ,48.83637852318147,2.3723404482007027,32
Méchain - Faubourg Saint-Jacques,48.83586772099485,2.33798034198275,11
Yves Farges - Route d'Enghien,48.95756799268,2.2834496977978,4
Pyrénées - Cours de Vincennes,48.847796779935,2.4061721563339,14
Gare du Nord - Hôpital Lariboisière,48.881949,2.352339,1
Joseph Dijon - Ornano,48.89374453351521,2.3476678133010864,1
Pitié-Salpêtrière,48.83748810318667,2.365213818848133,44
Exelmans - Michel-Ange,48.84309486651855,2.2597770800669053,5
Tiron - Rivoli,48.855692253233,2.3579058051109,19
Mairie de quartier du Plateau - Mont-Valérien,48.8799933,2.2072437,4
Chazelles - Courcelles ,48.879406604954,2.3034455627202988,7
Jean Jaurès - Jules Jacquemin,48.88433053604843,2.4082902455152104,3
Ordener - Poissonniers,48.891213890844654,2.351288666219873,1
Gambetta - Saint Fargeau,48.871244610447015,2.4039056897163396,0
Petites Ecuries - Faubourg Saint-Denis,48.87287120589831,2.3542150855064397,12
Convention - Campus de Bobigny,48.914920058264,2.4172238067445,19
Gare RER de Saint-Denis,48.93554324248177,2.3471488058567047,12
Saint-Germain - Verdun,48.882877330093,2.4331868384644,0
Charenton - Wattignies,48.836919119234,2.3916775206425,0
Chernoviz - Raynouard,48.8569864146289,2.282173218142987,1
Bas - Gabriel Péri,48.91585580539625,2.2948095202445984,5
Gallieni - Lycée Charles Petitet,48.927640283627,2.3308986340524,25
François Ponsard - La Muette ,48.8583666,2.2744515,3
Batignolles - Rome,48.881823370566806,2.3202589899301524,2
Lacépède - Linné,48.8437035476636,2.354651279747486,38
Vistule - Choisy,48.82365543660611,2.3615723848342896,2
Centre Hospitalier Intercommunal de Créteil,48.797078298909,2.463801423807,8
Jemmapes - Ecluses Saint-Martin,48.87748519186726,2.3660067468881607,1
Dugommier,48.838811048815,2.3896577954292,2
Arsonval - Falguière,48.84040040365445,2.313117867297474,1
Villersexel - Saint-Germain,48.858297001218,2.3237934708595,15
Marché Saint-Quentin,48.877356057652,2.3545114456374,1
Balzac - Champs Elysées,48.872699639621,2.3001953959465,27
Marché aux fleurs,48.855258115391,2.3473754525185,21
Avenir,48.8103438,2.3003776,9
Saint-Fiacre - Poissonière,48.870828911558,2.3459213599563,27
Bagnolet - Place Saint-Blaise,48.85973,2.40334,1
Censier - Jardin des Plantes,48.84107178161383,2.355475388467312,18
Château - République,48.905928,2.253629,0
Gare des Vallées,48.913179,2.257726,15
Clapeyron - Moscou,48.88078819514121,2.324815057218075,2
Place Marcel Cachin,48.81411442356866,2.39090770483017,24
Saint-Michel - Luxembourg,48.84501507626,2.3394941166043,21
Square Claude Bernard,48.89876016219984,2.375325746834278,20
Route de Sèvres - Porte de Bagatelle,48.87525984132485,2.249415814876557,33
Brochant - Clichy,48.89032998912038,2.319730559929781,1
Jourdan - Cité Universitaire,48.819897343156676,2.3397007964124366,1
Quai de la Seine,48.884492238407525,2.3703941702842717,4
Verdun - Henri Barbusse,48.802056061754,2.3159965061736,5
Place du Palais Royal,48.862382970647,2.3384822532535,63
Place Edmond Michelet,48.860134890542,2.3500636965036,13
Square des Saint-Simoniens,48.8701796,2.3967273,0
Place du 17 Octobre,48.91962690034779,2.2978286134199792,10
Parc des Pierrettes,48.7973062,2.2909969,0
Boulangers - Cardinal Lemoine,48.8462904,2.3521495,12
Saint-Marc - Feydeau,48.870326843044,2.3418715826353,35
Adolphe Lalyre - Armand Silvestre,48.90406266961591,2.273416221141815,5
Château - République,48.862923800596,2.4155035614967,4
Buisson Saint-Louis - Saint-Maur,48.871746849303,2.372252832879,0
Place Jeanne d'Arc,48.829575,2.369126,2
Maréchal Leclerc de Hauteclocque - Marché Buzenval,48.858446,2.192077,1
Ferrus - Saint-Jacques,48.8313878,2.3408563,22
Ranelagh - Mozart,48.8554439,2.2704418,3
François 1er - Lincoln,48.869517979344,2.3024262188416,28
Hôtel de Ville d'Asnières sur Seine,48.90999330025577,2.288238108158112,2
Charles de Gaulle - Sablonville,48.87991924860035,2.2763770446181297,5
Bourdon - Pont Morland,48.8478103,2.3659356,40
Place Jean Delay,48.823316,2.354336,3
Chanzy - Sud-Est,48.888912037698766,2.195632159709931,1
Gare de l'Est - Chateau Landon,48.879305,2.362424,1
Joseph Liouville - Croix Nivert,48.844835471244416,2.297508493065834,27
Place d'Italie - Vincent Auriol,48.831481874467,2.3567550292319,11
Dôme - République,48.832681,2.250257,14
Thionville - Ourcq,48.88917613743794,2.3833653330802917,1
Jules Guesde - Pont du Port à l'Anglais,48.79628807093802,2.417212128639221,13
Balzac - Olympes de Gouges,48.77850332486751,2.4006786569952965,14
Bara - Henri Farman,48.833218027457846,2.2677567601203923,57
Jules Vallès - Charonne,48.854284379935,2.3847674578428,2
Saint-Cloud - Hippodrome,48.85772148887421,2.2549109905958176,4
Montmartre - Etienne Marcel,48.86502194581,2.3450684401448,11
Guersant - Gouvion-Saint-Cyr,48.88287775178599,2.287667370814871,8
Mairie de Bagnolet,48.868421318555,2.4179587885737,1
Leibniz - Jean Dollfus,48.896328348515986,2.333390423834684,0
Pascal - Claude Bernard,48.839061952159746,2.3499782010912895,28
Place François Mitterand,48.86492782016328,2.442958317697048,2
Porte d'Asnières,48.89035817610495,2.3036286234855656,9
Fessart - Château,48.84245,2.23989,14
Gambetta - Père Lachaise,48.864295696165875,2.398228667282044,0
Boulets - Voltaire,48.85218705621,2.3890301585197,11
Stade Gaston Bouillant,48.939958667023,2.3279571813836,25
Paris - Emile Zola,48.854898095789295,2.4186685681343083,11
Italie - Tolbiac,48.82557229464416,2.3576171323657036,2
Jessaint - Marx Dormoy,48.88484543106364,2.358930408954621,4
Diane Arbus,48.898800717199,2.3524022474885,9
Créteil Village,48.79122395576,2.4642198533952,11
Strasbourg - Saint-Denis,48.869601642433,2.3542908579111,10
Saint-Marcel - Hôpital,48.839504424583,2.3609894170229,15
Marché d'Auteuil,48.84842761367387,2.265253821160005,23
Arthur Auger - Jean Jaurès,48.813736445585235,2.3069277405738835,1
Saint-Germain - Thenard,48.850571,2.3471015,28
Lieutenant Chauré - Etienne Marey,48.86746195408435,2.405970990657807,1
Hoche - Tilsitt,48.874836457837,2.2971323132515,18
Auguste Blanqui - Glacière,48.831151602964,2.343822196126,16
Place du Président Salvador Allende,48.897307310356055,2.40079153681279,27
Ruisseau - Ordener,48.89299462568024,2.340144887566567,2
Pyramide - Ecole du Breuil ,48.82237977153955,2.4586871266365056,27
Gobelins - Port-Royal,48.837135900263,2.3515201359987,20
Mézières - Rennes ,48.85023459321703,2.3303819820284843,22
Vigée-Lebrun - Anselme Payen,48.838683941628375,2.3110422492027287,2
Guy Môquet - Etienne Dolet,48.81527009991819,2.298078276995073,6
Saint-Séverin - Saint-Michel,48.852731305488,2.3440927639604,18
Jean Jaurès - Reine,48.84009622558849,2.239872515201569,28
Gustave Eiffel - Parc des Impressionnistes,48.90390619651018,2.2946908324956894,0
Place Aimé Césaire,48.783194713067815,2.2429127991199493,5
Alger - Rivoli,48.864773553495,2.3294493936128,11
Maurice Payret-Dortail,48.87811957063342,2.2233625128865246,1
Pyrénées - Plaine,48.85026702458,2.4062821269035,1
Place Violet,48.84487893836502,2.2905756533145905,5
Camille Risch - Paul Armangot,48.774703,2.373685,1
Lampes,48.81152481985875,2.4017931148409843,36
Place Madeleine Daniélou,48.883498,2.282015,15
Porte de Saint-Ouen - Bessières,48.89792240854517,2.32851451022192,5
Jean Colly - Tolbiac,48.827817291597846,2.3705490678548813,4
Fontaine du Tertre - Calvaire,48.8702539,2.2187778,4
Galilée - Vernet,48.871715878697,2.2985444962978,39
Demi-Lune - Aristide Briand,48.87626381919953,2.4562818557024,0
Place de la vache noire,48.81040517059777,2.327060401439667,5
Quai de l'Oise - Aisne,48.8906231,2.3833701,2
Roquette - Thiéré,48.85507930579506,2.3733686318721463,17
Noisy le Sec - Jean-Baptiste Clément,48.874515389637,2.4152836203575,5
Carnot - Pâquerettes,48.79592939432515,2.4261841177940373,7
Dutot - Place Alleray,48.836826091766,2.3071701095578,3
Vignes - Boulainvilliers,48.856399483950504,2.275240458548069,5
Dupleix - du Guesclin,48.85147910413369,2.296709530055523,28
Solitaires - Place des Fêtes,48.876601,2.391769,0
Bois de Vincennes - Gare,48.836022242887,2.470833995083,33
Batignolles - Beudant,48.88216401466375,2.319852970540523,1
Wurtz - Tolbiac,48.82631195621,2.344585955143,8
Quai de l'Aisne - Général Leclerc,48.895713,2.400571,8
Parmentier - République,48.8644954,2.3750124,6
Place Fernand Forest,48.849269143836,2.281863167882,31
Jourdain - Place des Grandes Rigoles,48.874031137272,2.3895947635174,0
Raspail - Varenne,48.853147816545,2.3263905197382,15
Fontenay - Libération,48.847803063647,2.4451419711113,9
Frères Flavien - Porte des Lilas,48.8780992764359,2.41104629853209,2
Henri Barbusse - Marcel Cachin,48.93742089281,2.3720374971659,0
Quai aux Fleurs - Pont Saint-Louis,48.852915956209,2.3521957173944,17
Barbès - Monique Maunoury,48.81552718820216,2.3687169334905405,2
Mairie du 19ème,48.88256264247959,2.3812624812126164,2
Hoche - Jean Lolive,48.891102392008,2.4028435349464,4
Edouard Tremblay - Julian Grimaux,48.781383825117,2.3723508417606,5
Jules Guesde - Alsace,48.890566275506,2.2950777411461,13
Butte aux Cailles - Esperance,48.82758774190948,2.3492151126265526,1
Pirogues de Bercy - Libourne,48.832308,2.38637,49
Parc Eli Lotar,48.91844993053703,2.3727085813879967,2
Choisy - Pointe d'Ivry,48.822154170359,2.3633708034878,5
Raspail - Manufacture des Oeillets,48.8094458,2.3903009,8
Place Jules Ferry,48.812107928414775,2.325837314128876,1
Charles Frérot - Albert Guilpin,48.8155839183714,2.3505029082298283,1
Ledru-Rollin - Charonne,48.85345855607243,2.3772463581947094,24
Rivoli - Musée du Louvre,48.86364636851945,2.33409583568573,20
Diderot - Reuilly,48.847208456061,2.3861273378134,9
Dunkerque - Alsace,48.879355,2.358379,1
Marceau - Président Wilson,48.8652359,2.3002513,19
Montgallet - Reuilly,48.844291,2.3896481,5
Brochant - Square des Batignolles ,48.88818698581028,2.316861143151153,1
Victoire - Laffitte,48.87514373494672,2.338118505144376,19
Léon - Doudeauville,48.888324218452,2.3535733726386,0
Berthier - Place Stuart Merril,48.885927922355044,2.2933450341224675,1
Siam - La Pompe,48.861720329027264,2.275346568555312,1
Marcelin Berthelot,48.8415473058801,2.233161628246308,23
Verdun - Place Henri IV,48.870797375639214,2.2277003154158592,24
Bleue - Trévise,48.87578906564573,2.347289621829987,8
Herschel - Observatoire,48.84342376221923,2.3376645147800446,32
Moulin de la Pointe,48.82092946051445,2.3563179373741145,0
Marcadet - Ramey,48.890875,2.3449019,1
Richard Lenoir - Republique,48.8667175,2.3692541,7
Lamennais - Washington ,48.87352990026496,2.303444892168045,26
Porte Pouchet-Bessières,48.8978765,2.3230632,0
Lucien Bossoutrot - Général Martial Vallin,48.836956046311,2.2741072252393,33
André Maurois - Joseph et Marie Hackin,48.8778983,2.2789591,12
Hôpital Pitié Salpêtrière,48.8377016,2.3604946,29
Maine - Liancourt,48.835064363954,2.323731449974,0
Blanqui - Docteur Bauer,48.907735489085,2.3407192814591,19
Franquet - Labrouste,48.83287705011431,2.306762784719467,1
Grenelle - Violet,48.84993035512154,2.294612042605877,14
Gare du Nord - Faubourg Saint-Denis,48.879612765504,2.3568402975798,3
Buzenval - Avron,48.851617204999,2.4015135973077,1
Lassus - Delouvain,48.8755044846,2.3890327325519,0
Clignancourt - Sofia,48.88511992309783,2.34719488842051,0
Cimetière de Fontenay-sous-Bois,48.84706173362218,2.4787822365760808,0
Charles Tillon - Cimetière Communal,48.91844023641836,2.3935630917549138,13
Pierre Grenier - Pont de Billancourt,48.8258020742942,2.2487989068031315,5
Rochechouart - Martyrs,48.882193779572,2.3405495658517,6
Marx Dormoy - Château Sainte-Barbe,48.791782341055324,2.297856844961643,4
Clignancourt - Ordener,48.891457726153774,2.348636478060487,1
Fille du Calvaire - Turenne,48.86210505412563,2.3649600148200993,21
Pont de Suresnes,48.867415092322,2.2258946679617,8
Repos - Cimetière du Père Lachaise,48.859358523593,2.3896131366845,5
Desaix - Edgar Faure,48.852804604940296,2.293077029857222,12
Madame de Sanzillon - Mozart,48.90379820774301,2.3187401890754704,7
Saint-Bon - Rivoli,48.857999643315,2.3502172809763,18
Froidevaux - Boulard,48.835147319625,2.3294411972165,1
Lepic - Armée d'Orient,48.887536403814,2.3343077301979,1
Paul Vaillant-Couturier - Gare RER,48.80108159069614,2.402097210288048,19
Théâtre des Amandiers - Palais des sports,48.892648526839,2.2136941552162,13
Charentonneau - Maisons Alfort,48.809932980484355,2.443288456496946,1
Victor Hugo - Jeanne Jugan,48.843949064031825,2.415081394834419,2
Ménil - Argenteuil,48.925901818305,2.2741496502338,2
Saint-Benoît - Jacob,48.85545136013941,2.3334722220897675,21
Italie - Jardin Joan Miro,48.81990914045756,2.3592948541045193,2
Boudreau - Auber,48.87219,2.329423,24
Verdun - Pierre et Marie Curie,48.812822398263286,2.3707106709480286,0
Saint-Denis - Réaumur,48.8661116315789,2.3507790675507594,17
Reims - Raymond Pitet,48.8888,2.296319,13
Place de l'Eglise - Vitry-sur-Seine,48.791922819921815,2.395057752728462,23
Waldeck Rochet - Germaine Tillon,48.91105960199651,2.3676301538944244,30
Ranelagh - Maison de la Radio,48.85293603169479,2.280449643731117,12
Jacquard - Ternaux,48.8646605,2.373162,3
Mairie de Sceaux,48.778916905132,2.2887361764861,23
Square Emile - Chautemps,48.867433724231,2.3536357283592,17
Saint-Jacques - Tombe Issoire,48.833206330538864,2.3369108140468597,5
Paradis - Hauteville,48.874999954666755,2.3522757401923404,28
Sambre et Meuse - Villette,48.874405666217,2.3738072379951,5
Athènes - Clichy,48.878113787876,2.32956021945824,9
Legendre - Nollet,48.887742186754224,2.320293079881375,1
Verger - Colonel Guichard,48.816376985087,2.2670380088932,1
Place Jean Ferrat,48.8184945213025,2.3744174838066106,1
Square René Viviani - Montebello,48.851904891406,2.3478421568871,31
Senard - Charles Blum,48.857315824799,2.221091687679291,23
Belleville -  Pré Saint-Gervais,48.875565910073,2.3930460959673,0
Brancion - Lefebvre,48.82900222785569,2.301431038163409,3
Blancs-Manteaux - Archives,48.85941800703,2.3559471219778,11
Porte de Saint-Ouen - Henri Huchard,48.898708366365064,2.3295360803604126,7
Gare RER de Vincennes,48.847563015126106,2.433383166790009,31
Gare RER de Gentilly,48.814280450380224,2.3410347104072575,11
Place des Ternes.,48.878438631226516,2.297727763652802,25
Place de la Gare,48.838513582184,2.1866139007512,2
Gare Montparnasse - Edgar Quinet,48.841487851079,2.3233232282801,6
Porte de Bagnolet,48.864707139122984,2.408344637349607,0
Place Robert Guillemard,48.836191728066666,2.2811267160086417,22
Lisbonne - Monceau,48.877455676814,2.3096942214195,46
Daunou - Louis le Grand,48.869113,2.332515,29
Cadet - La Fayette,48.875601632672,2.3435704037547,11
Mairie de Neuilly sur Seine,48.884947287658,2.2677031159401,16
Lakanal - Commerce,48.84442462786544,2.294059172272682,34
Kléber - National,48.906333898712234,2.2393910586833954,18
Musée d'Orsay,48.859726157909,2.3258604481816,48
Bleuets - Bordières,48.802117531472,2.4543687905029,12
Pereire - Saussure,48.888229075478,2.3101296275854,1
Jean-Baptiste Pigalle - La Bruyere,48.87939826447722,2.333709173337285,2
Charles de Gaulle - Plateau de Vanves,48.82233088973263,2.298571803412886,8
Temple - Jean-Pierre Timbaud,48.86446597201,2.3660597205162,21
Michelet - Assas,48.842741502832,2.3350211977959,16
Flandre - Alphonse Karr,48.89465,2.381868,6
Lucien Lanternier - Le Luth,48.93159430558871,2.2889783978462224,8
Candale - Mehul,48.8893935006175,2.414379715919495,2
Courcelles - Pierre Demours,48.883769733273496,2.29858466343129,8
Charles de Gaulle - Beauté,48.83649602312711,2.479562651149885,2
Victor Massé - Jean-Baptiste Pigalle,48.8811043724,2.3366955667734,2
Pierre Brossolette - 12 Février 1934,48.8176962416867,2.3076123744249344,14
Dominique Pado - Croix Nivert,48.83648798164934,2.2897250577807426,4
Fort d'Aubervilliers,48.91502382370325,2.4035281687974925,1
Porte de Vanves,48.828012849445,2.3056878894567,4
Bobillot - Moulin des Prés,48.828657346203,2.353020646317,2
Gare de Reuilly - Picpus,48.84267354116789,2.3972943797707558,0
Rome - Provence,48.874230055580306,2.325570111724113,10
Ceinture du Lac Inferieure - Saint-Cloud,48.86218070933143,2.2617871686816216,2
Hector Malot - Daumesnil,48.84693552991762,2.3770876228809357,33
Etienne Dolet - Place Maurice Chevalier,48.86798303359366,2.3851405311143026,0
Vanne - Général de Gaulle,48.815007,2.328318,3
Boulard - Daguerre,48.83446472680611,2.3293386027216907,1
Eugène Reisz - Davout,48.85631874632638,2.410396970808506,4
République - Danton,48.85249172181667,2.462034523487091,0
Jean Jaurès - Jean Baptiste Clément ,48.84576261454011,2.2369650006294255,25
Carrefour Pleyel,48.92034156960326,2.3438543826341625,42
Rossini - Laffitte,48.87334627510507,2.337980867701675,33
Stephenson - Doudeauville,48.888537048944826,2.3561610281467438,1
Sèvres - Général Leclerc,48.830121559055,2.2314262390137,26
Quai Marcel Boyer - Victor Hugo,48.822556366667,2.3920395970345,19
Eylau - Trocadéro,48.863354122371,2.2864209115505,18
Bir Hakeim,48.853844054334,2.289705348222,27
Place du Maquis du Vercors,48.877321579493575,2.4083782732486725,3
Place de l'Eglise - Pantin,48.892809461520265,2.4124351143836975,3
Assemblée Nationale,48.861411014652,2.3201214185208,55
Pierre Charron - Champs-Elysées,48.870103359864,2.3043501377106,29
Lecourbe - Convention,48.83923319241899,2.2915197908878326,6
Charles de Gaulle - Rue de l'Alma,48.896620592993,2.252313240191,17
Village Saint-Paul,48.852639866625,2.3607301712036,13
Cossonnerie - Sébastopol,48.86132665908402,2.349419631063938,9
Hôtel de Ville de Nanterre,48.892371898250424,2.205548956990242,9
Epi d'Or - Chevilly,48.781109786782,2.3549050362061,1
Maine - Antoine Bourdelle,48.84308531746595,2.320263946784738,3
Tour d'Auvergne - Rodier,48.879161,2.343698,1
Gergovie - Vercingétorix,48.83453413883994,2.313154547426182,1
Belleville - Couronnes,48.868831082877,2.3809862136841,2
Gare de Sèvres - Ville d'Avray,48.826262366227,2.2001516849313,0
Quai de Béthune - Pont de la Tournelle,48.85097433194,2.3563072085381,4
Jacquier - Didot,48.82953336292279,2.318179272115231,1
Docteurs Déjérine - Pte de Montreuil,48.85398448133697,2.41208288897222,5
Pergolèse - Marbeau,48.873568706869,2.2815125225299,2
Jonquière - Docteur Paul Brousse,48.894799816683985,2.318705212173216,6
Nationale - Marcel Duchamp,48.82463749337136,2.3678014799952507,6
Rougemont - Poissonnière,48.871611569354755,2.345873080193996,38
Place Carnot,48.85593932186797,2.441531717777252,12
Square d'Anvers,48.882633484311,2.3448844062122,3
Nanterre - Université,48.901365,2.212693,11
Jean Jaurès - Gare de Clamart,48.81321981219,2.2716768079163,1
Serrurier,48.880493403246,2.398064173758,2
Commandant Charcot - Bretteville,48.87530570765423,2.2558460757136345,1
Olivier de Serres - Leriche,48.83460221715206,2.2957482933998112,2
Guy Môquet - Saint-Ouen,48.892777719023975,2.3270335793495183,1
Duméril - Jeanne d'Arc,48.838151608087,2.3571084495564,4
Pierre Ginier - Clichy,48.8867667,2.326228,1
Proudhon - Président Wilson,48.906442763495,2.3584905266762,15
Batignolles - Abel Truchet,48.883103904582,2.3238347490884,3
Saint-Sulpice,48.85165383178419,2.3308077827095985,17
Saint-Mande - Picpus,48.845127728278,2.4015686296482,6
Gare du Nord - Demarquay,48.881154,2.358411,2
Stade Pershing,48.829107826857,2.4583535268903,2
Bassano -  Iéna,48.868144510482075,2.296149600985935,12
Arsène Houssaye - Friedland,48.874510616163,2.2994716674148,18
Colisée - Champs-Elysées,48.870475399387,2.3076190799475,16
Charles Gide - Fort de Bicêtre ,48.8071937956922,2.353984415531159,13
Place du 14 Juillet,48.819266959525,2.3011998832226,2
Pierre et Marie Curie - Julien Grimau,48.870714014863225,2.424097023904324,1
Picpus - Louis Braille,48.839988788912,2.4005256685521,2
Vitruve - Davout,48.86053161154489,2.4091592812626543,1
Sebastopol - Rambuteau,48.86181809267,2.3501381278038,10
Cambon - Rivoli,48.866143390992,2.3251800647137,32
Hauteville - Bonne Nouvelle,48.87077436024,2.3496496368327,15
Place du Maréchal Juin - Péreire,48.885263,2.298286,10
Flandrin - Longchamp,48.86877849178477,2.274354539176829,21
Gare de Lyon - Chalon,48.845666194202,2.3741452395916,8
Gare de l'Est - Verdun,48.876156054271,2.3609149083206,2
Olympiades,48.826764665199,2.3650860786438,20
Chartres - La Charbonnière,48.8847601,2.3534657,1
Wilson - Landy,48.91516726221354,2.357633225619793,28
Président Wilson - Baudin,48.89826887103676,2.2849336266517644,26
Parc Georges Brassens - Brancion,48.83227829269761,2.3022570088505745,0
Place du Moulin de Javel,48.84021670922,2.2716060653329,64
La Jarry - Place Diderot,48.849726940367326,2.452013790607453,1
David Weill - Parc Montsouris,48.821092374256104,2.333725690841675,0
Epée de Bois - Mouffetard,48.841508690388835,2.350066713988781,28
Edith Cavell - Volta,48.901616564286975,2.269354350864887,4
Square des Epinettes,48.89383909781389,2.325953990221024,0
Delizy - Louis Nadot,48.896212845581346,2.4094578623771667,10
Marcel Monge - Marcel Dassault,48.86096384533371,2.2246733296048142,36
Place Paul Eluard,48.7672039733195,2.4144977331161503,5
11 Novembre 1918 - 8 Mai 1945,48.80889533774377,2.5382421165704727,11
Mairie du 16ème,48.863936848471994,2.2765953093767166,2
Caire - Dussoubs,48.86785342111862,2.349364310503006,25
Faubourg Poissonniere - Delta,48.882555807626765,2.3497482016682625,0
Jardin Modèle - Pierre Boudou,48.914866710946,2.3057010525935,15
Place Joffre - Frédéric le Play,48.853754486938,2.3044242337346,35
Bellefond - Maubeuge,48.878255397645,2.3452642187476,0
Square Saint-Ambroise,48.860934,2.375841,6
Dupont de l'Eure - Gambetta,48.8679385,2.4003649,1
Verdier - Jean Jaurès,48.81614048711214,2.3123561963438988,3
Ménilmontant - Pelleport,48.870682633845,2.3989596023316,0
Jouffroy d'Abbans - Villiers,48.884215547037,2.3056533560157,8
Saint-Lazare - Place d'Estienne d'Orves,48.8768345,2.3329067,20
Mathis - Flandre,48.890642989898,2.3762554675341,0
Parme - Clichy,48.881266424227,2.3281970934506,3
Général Michel Bizot - Claude Decaen,48.83481262982544,2.400927788127704,1
Poissy - Saint-Germain,48.84969649427,2.3529685288668,13
Toudouze - Clauzel,48.87929591733507,2.3373600840568547,1
18 juin 1940 - Buzenval,48.868807,2.185428,3
Square Desnouettes,48.83476837934194,2.284142297394666,19
Pyrénées - Maraîchers,48.85714001395299,2.4043509364128113,0
Guy Môquet - Parvis Georges Marchais,48.79518840095975,2.35943466424942,2
Concorde - Stalingrad,48.7985844,2.3821302,4
Marcadet - Barbès,48.890451120965,2.3490573929687,2
Champs-Elysees - Bassano,48.871811807816,2.300238981843,0
Professeur René Leriche - Général Leclerc ,48.90782845483013,2.307887971401215,42
Place Nelson Mandela,48.862453313908,2.1961666225454,1
Manin - Simon Bolivar,48.876499654127,2.3794073625991,3
Anatole France - Louise Michel,48.88873214926474,2.2881576418876652,2
Paul Klee - Place Augusta Holmes,48.838946417408025,2.3704235663952966,28
Place Monge,48.842761803051,2.3524079471827,1
Danielle Casanova - Ledru-Rollin,48.815783497876815,2.383259721100331,2
Montgallet - Charenton,48.842647778701,2.3861649278137,4
Bertie Albrecht - Hoche,48.87614039826388,2.301303138307601,22
Hôtel de Ville de Champigny sur Marne,48.813810628405,2.5096759200096,18
Victoire - Chaussée d'Antin,48.875065791004396,2.3316738009452824,23
Chancé Milly - Cimetière Communal Sud,48.89687189382465,2.303922325372696,2
Grand Prieuré - Crussol,48.864660627935,2.3692265531829,4
Mont Valérien - Michel Salles,48.8561915,2.2152966,6
Chemin Vert - Saint-Maur,48.86112461407359,2.381299026310444,6
Toqueville - Cardinet,48.88490187110713,2.3109393194317818,2
Croulebarde - Corvisart,48.830981659316855,2.3481646925210953,12
Charonne - Alexandre Dumas,48.856077415056,2.3948693275452,1
Jourdan - Monticelli,48.822032,2.329095,8
Institut du Monde Arabe - Saint-Germain,48.849063299501,2.3558086529374,38
Mac-Mahon - Brey,48.877532084130166,2.294512536052928,11
Henri Ste-Claire Déville - Paul Héroult,48.892663,2.172411,7
Capitaine Glarner - Gabriel Péri,48.902449900418745,2.3304807533425724,2
Joseph Sansboeuf - Saint Lazare,48.875315630653,2.3229019716382,26
Chevaleret - Tolbiac,48.82941,2.375934,17
Les Juilliottes,48.8043072,2.4437362,12
Ambroise Rendu - Porte Brunet,48.883667,2.395733,2
Félix Ziem - Armand Gauthier,48.88949630486821,2.333393658804396,0
Gravelle - Route du Bac,48.824407,2.418455,0
Quai de l'Horloge - Pont Neuf,48.857058739111,2.3417982839439,15
Poissonniers - Nord,48.892511213520656,2.3522228747606277,2
Choiseul - Quatre Septembre,48.869935533187,2.3359975218773,9
Charles de Gaulle - Louis Philippe,48.881742142181,2.2710045335353,23
Ramponeau - Belleville,48.871031137596,2.379056852114,2
Victor Hugo - Gare,48.923133952658,2.2600970417261,8
Belleville - Porte des Lilas,48.87660391892763,2.404769691129476,2
Cassini - Denfert-Rochereau,48.837525839067,2.3360354080796,6
Place de la Division Leclerc,48.793824988636516,2.2731140430551027,4
Arche - Léonard de Vinci,48.89790972494496,2.2383723043644914,26
Gabriel Péri - Place de la Libération,48.819828421929,2.3117361743705,6
Alexandre Parodi - Quai de Valmy,48.879359419425,2.3665961623192,0
